run_id,pub_id,pub_name,rank,source_url,discount_type,discount_desc,discount_days,discount_time_range,source_observed_at,raw_context
20260707095307,london-001-golden-fleece-london-england-html,Golden Fleece,1,https://www.greeneking.co.uk/pubs/greater-london/golden-fleece/menu,mention,"£7.45 #### Aperol Spritz Vibrant and zesty with Aperol, crisp Prosecco and soda, garnished with an orange slice £6.45",,,2026-07-07T09:53:07.214Z,"£7.45 #### Aperol Spritz Vibrant and zesty with Aperol, crisp Prosecco and soda, garnished with an orange slice £6.45"
20260707095307,london-001-golden-fleece-london-england-html,Golden Fleece,1,https://www.greeneking.co.uk/pubs/greater-london/golden-fleece/menu,mention,"£6.45 #### Gin Berry Spritz A blend of pink gin, Prosecco and lemonade, with a fresh strawberry garnish £6.45",,,2026-07-07T09:53:07.214Z,"£6.45 #### Gin Berry Spritz A blend of pink gin, Prosecco and lemonade, with a fresh strawberry garnish £6.45"
20260707095307,london-003-anchor-bankside-london-england-html,Anchor Bankside,3,https://www.greeneking.co.uk/pubs/greater-london/anchor-bankside/menu,mention,"£12.50 ### Spritz Cocktails (5) #### Lillet Rosé Spritz Light and refreshing with red berry and subtle floral notes,",,,2026-07-07T09:53:07.214Z,"£12.50 ### Spritz Cocktails (5) #### Lillet Rosé Spritz Light and refreshing with red berry and subtle floral notes,"
20260707095307,london-003-anchor-bankside-london-england-html,Anchor Bankside,3,https://www.greeneking.co.uk/pubs/greater-london/anchor-bankside/menu,mention,"### Spritz Cocktails (5) #### Lillet Rosé Spritz Light and refreshing with red berry and subtle floral notes, finishes crisp and aromatic",,,2026-07-07T09:53:07.214Z,"### Spritz Cocktails (5) #### Lillet Rosé Spritz Light and refreshing with red berry and subtle floral notes, finishes crisp and aromatic"
20260707095307,london-003-anchor-bankside-london-england-html,Anchor Bankside,3,https://www.greeneking.co.uk/pubs/greater-london/anchor-bankside/menu,mention,"£13.00 #### Aperol Spritz A classic serve of Aperol, prosecco, and soda £13.00",,,2026-07-07T09:53:07.214Z,"£13.00 #### Aperol Spritz A classic serve of Aperol, prosecco, and soda £13.00"
20260707095307,london-003-anchor-bankside-london-england-html,Anchor Bankside,3,https://www.greeneking.co.uk/pubs/greater-london/anchor-bankside/menu,mention,"£13.00 #### St Germain Hugo Spritz Fresh and floral St-Germain Elderflower Liqueur, prosecco and soda £13.00",,,2026-07-07T09:53:07.214Z,"£13.00 #### St Germain Hugo Spritz Fresh and floral St-Germain Elderflower Liqueur, prosecco and soda £13.00"
20260707095307,london-003-anchor-bankside-london-england-html,Anchor Bankside,3,https://www.greeneking.co.uk/pubs/greater-london/anchor-bankside/menu,mention,"£13.00 #### Limoncello Spritz Bright and zesty Isolabella Limoncello, prosecco and soda £13.00",,,2026-07-07T09:53:07.214Z,"£13.00 #### Limoncello Spritz Bright and zesty Isolabella Limoncello, prosecco and soda £13.00"
20260707095307,london-003-anchor-bankside-london-england-html,Anchor Bankside,3,https://www.greeneking.co.uk/pubs/greater-london/anchor-bankside/menu,mention,"£13.00 #### Sarti Passionfruit Spritz A vibrant spritz combining Sarti Rosa, prosecco, soda, and lime, with passionfruit, mango, and blood orange notes",,,2026-07-07T09:53:07.214Z,"£13.00 #### Sarti Passionfruit Spritz A vibrant spritz combining Sarti Rosa, prosecco, soda, and lime, with passionfruit, mango, and blood orange notes"
20260707095307,london-003-anchor-bankside-london-england-html,Anchor Bankside,3,https://www.greeneking.co.uk/pubs/greater-london/anchor-bankside/menu,mention,"#### Sarti Passionfruit Spritz A vibrant spritz combining Sarti Rosa, prosecco, soda, and lime, with passionfruit, mango, and blood orange notes £13.00",,,2026-07-07T09:53:07.214Z,"#### Sarti Passionfruit Spritz A vibrant spritz combining Sarti Rosa, prosecco, soda, and lime, with passionfruit, mango, and blood orange notes £13.00"
20260707095307,london-003-anchor-bankside-london-england-html,Anchor Bankside,3,https://www.greeneking.co.uk/pubs/greater-london/anchor-bankside/menu,mention,£11.00 #### Warner's 0% Pink Berry Spritz Warner’s 0% Pink Berry paired with Fever-Tree Raspberry & Orange Blossom Soda £11.00,,,2026-07-07T09:53:07.214Z,£11.00 #### Warner's 0% Pink Berry Spritz Warner’s 0% Pink Berry paired with Fever-Tree Raspberry & Orange Blossom Soda £11.00
20260707095307,london-004-the-goat-tavern-london-england-html,The Goat Tavern,4,https://www.greeneking.co.uk/pubs/greater-london/goat-tavern-mayfair/menu,mention,"£10.50 ### Spritz Cocktails (5) #### Lillet Rosé Spritz Light and refreshing with red berry and subtle floral notes,",,,2026-07-07T09:53:07.214Z,"£10.50 ### Spritz Cocktails (5) #### Lillet Rosé Spritz Light and refreshing with red berry and subtle floral notes,"
20260707095307,london-004-the-goat-tavern-london-england-html,The Goat Tavern,4,https://www.greeneking.co.uk/pubs/greater-london/goat-tavern-mayfair/menu,mention,"### Spritz Cocktails (5) #### Lillet Rosé Spritz Light and refreshing with red berry and subtle floral notes, finishes crisp and aromatic",,,2026-07-07T09:53:07.214Z,"### Spritz Cocktails (5) #### Lillet Rosé Spritz Light and refreshing with red berry and subtle floral notes, finishes crisp and aromatic"
20260707095307,london-004-the-goat-tavern-london-england-html,The Goat Tavern,4,https://www.greeneking.co.uk/pubs/greater-london/goat-tavern-mayfair/menu,mention,"£11.00 #### Aperol Spritz A classic serve of Aperol, prosecco, and soda £11.00",,,2026-07-07T09:53:07.214Z,"£11.00 #### Aperol Spritz A classic serve of Aperol, prosecco, and soda £11.00"
20260707095307,london-004-the-goat-tavern-london-england-html,The Goat Tavern,4,https://www.greeneking.co.uk/pubs/greater-london/goat-tavern-mayfair/menu,mention,"£11.00 #### St Germain Hugo Spritz Fresh and floral St-Germain Elderflower Liqueur, prosecco and soda £11.00",,,2026-07-07T09:53:07.214Z,"£11.00 #### St Germain Hugo Spritz Fresh and floral St-Germain Elderflower Liqueur, prosecco and soda £11.00"
20260707095307,london-004-the-goat-tavern-london-england-html,The Goat Tavern,4,https://www.greeneking.co.uk/pubs/greater-london/goat-tavern-mayfair/menu,mention,"£11.00 #### Limoncello Spritz Bright and zesty Isolabella Limoncello, prosecco and soda £11.00",,,2026-07-07T09:53:07.214Z,"£11.00 #### Limoncello Spritz Bright and zesty Isolabella Limoncello, prosecco and soda £11.00"
20260707095307,london-004-the-goat-tavern-london-england-html,The Goat Tavern,4,https://www.greeneking.co.uk/pubs/greater-london/goat-tavern-mayfair/menu,mention,"£11.00 #### Sarti Passionfruit Spritz A vibrant spritz combining Sarti Rosa, prosecco, soda, and lime, with passionfruit, mango, and blood orange notes",,,2026-07-07T09:53:07.214Z,"£11.00 #### Sarti Passionfruit Spritz A vibrant spritz combining Sarti Rosa, prosecco, soda, and lime, with passionfruit, mango, and blood orange notes"
20260707095307,london-004-the-goat-tavern-london-england-html,The Goat Tavern,4,https://www.greeneking.co.uk/pubs/greater-london/goat-tavern-mayfair/menu,mention,"#### Sarti Passionfruit Spritz A vibrant spritz combining Sarti Rosa, prosecco, soda, and lime, with passionfruit, mango, and blood orange notes £11.00",,,2026-07-07T09:53:07.214Z,"#### Sarti Passionfruit Spritz A vibrant spritz combining Sarti Rosa, prosecco, soda, and lime, with passionfruit, mango, and blood orange notes £11.00"
20260707095307,london-004-the-goat-tavern-london-england-html,The Goat Tavern,4,https://www.greeneking.co.uk/pubs/greater-london/goat-tavern-mayfair/menu,mention,£9.00 #### Warner's 0% Pink Berry Spritz Warner’s 0% Pink Berry paired with Fever-Tree Raspberry & Orange Blossom Soda £9.00,,,2026-07-07T09:53:07.214Z,£9.00 #### Warner's 0% Pink Berry Spritz Warner’s 0% Pink Berry paired with Fever-Tree Raspberry & Orange Blossom Soda £9.00
20260707095307,london-005-cahoots-underground-london-england-html,Cahoots Underground,5,https://www.cahoots-london.com/menus/?location=underground&menu_title=cahoots-underground-control-room-drinks-late-2020,offer,"#### Some good quality grub Do you feel a rumbling from down below? Well, we have some capital news for you! This is one station that does offer some sustenance for those of you feeling rather hungry. The Scoundrels of Cahoots have pooled together their food rations and have enough points to offer some nibbles round, such as platform pastries, toasted treats and rations to share! Book Today Book Today",,,2026-07-07T09:53:07.214Z,"#### Some good quality grub Do you feel a rumbling from down below? Well, we have some capital news for you! This is one station that does offer some sustenance for those of you feeling rather hungry. The Scoundrels of Cahoots have pooled together their food rations and have enough points to offer some nibbles round, such as platform pastries, toasted treats and rations to share! Book Today Book Today"
20260707095307,london-007-masons-arms-london-england-html,Masons Arms,7,https://www.greeneking.co.uk/pubs/greater-london/masons-arms/menu,mention,"£12.50 ### Spritz Cocktails (5) #### Lillet Rosé Spritz Light and refreshing with red berry and subtle floral notes,",,,2026-07-07T09:53:07.214Z,"£12.50 ### Spritz Cocktails (5) #### Lillet Rosé Spritz Light and refreshing with red berry and subtle floral notes,"
20260707095307,london-007-masons-arms-london-england-html,Masons Arms,7,https://www.greeneking.co.uk/pubs/greater-london/masons-arms/menu,mention,"### Spritz Cocktails (5) #### Lillet Rosé Spritz Light and refreshing with red berry and subtle floral notes, finishes crisp and aromatic",,,2026-07-07T09:53:07.214Z,"### Spritz Cocktails (5) #### Lillet Rosé Spritz Light and refreshing with red berry and subtle floral notes, finishes crisp and aromatic"
20260707095307,london-007-masons-arms-london-england-html,Masons Arms,7,https://www.greeneking.co.uk/pubs/greater-london/masons-arms/menu,mention,"£13.00 #### Aperol Spritz A classic serve of Aperol, prosecco, and soda £13.00",,,2026-07-07T09:53:07.214Z,"£13.00 #### Aperol Spritz A classic serve of Aperol, prosecco, and soda £13.00"
20260707095307,london-007-masons-arms-london-england-html,Masons Arms,7,https://www.greeneking.co.uk/pubs/greater-london/masons-arms/menu,mention,"£13.00 #### St Germain Hugo Spritz Fresh and floral St-Germain Elderflower Liqueur, prosecco and soda £13.00",,,2026-07-07T09:53:07.214Z,"£13.00 #### St Germain Hugo Spritz Fresh and floral St-Germain Elderflower Liqueur, prosecco and soda £13.00"
20260707095307,london-007-masons-arms-london-england-html,Masons Arms,7,https://www.greeneking.co.uk/pubs/greater-london/masons-arms/menu,mention,"£13.00 #### Limoncello Spritz Bright and zesty Isolabella Limoncello, prosecco and soda £13.00",,,2026-07-07T09:53:07.214Z,"£13.00 #### Limoncello Spritz Bright and zesty Isolabella Limoncello, prosecco and soda £13.00"
20260707095307,london-007-masons-arms-london-england-html,Masons Arms,7,https://www.greeneking.co.uk/pubs/greater-london/masons-arms/menu,mention,"£13.00 #### Sarti Passionfruit Spritz A vibrant spritz combining Sarti Rosa, prosecco, soda, and lime, with passionfruit, mango, and blood orange notes",,,2026-07-07T09:53:07.214Z,"£13.00 #### Sarti Passionfruit Spritz A vibrant spritz combining Sarti Rosa, prosecco, soda, and lime, with passionfruit, mango, and blood orange notes"
20260707095307,london-007-masons-arms-london-england-html,Masons Arms,7,https://www.greeneking.co.uk/pubs/greater-london/masons-arms/menu,mention,"#### Sarti Passionfruit Spritz A vibrant spritz combining Sarti Rosa, prosecco, soda, and lime, with passionfruit, mango, and blood orange notes £13.00",,,2026-07-07T09:53:07.214Z,"#### Sarti Passionfruit Spritz A vibrant spritz combining Sarti Rosa, prosecco, soda, and lime, with passionfruit, mango, and blood orange notes £13.00"
20260707095307,london-007-masons-arms-london-england-html,Masons Arms,7,https://www.greeneking.co.uk/pubs/greater-london/masons-arms/menu,mention,£11.00 #### Warner's 0% Pink Berry Spritz Warner’s 0% Pink Berry paired with Fever-Tree Raspberry & Orange Blossom Soda £11.00,,,2026-07-07T09:53:07.214Z,£11.00 #### Warner's 0% Pink Berry Spritz Warner’s 0% Pink Berry paired with Fever-Tree Raspberry & Orange Blossom Soda £11.00
20260707095307,london-008-the-stanhope-arms-london-england-html,The Stanhope Arms,8,https://www.greeneking.co.uk/pubs/greater-london/stanhope-arms/menu,mention,"£10.50 ### Spritz Cocktails (5) #### Lillet Rosé Spritz Light and refreshing with red berry and subtle floral notes,",,,2026-07-07T09:53:07.214Z,"£10.50 ### Spritz Cocktails (5) #### Lillet Rosé Spritz Light and refreshing with red berry and subtle floral notes,"
20260707095307,london-008-the-stanhope-arms-london-england-html,The Stanhope Arms,8,https://www.greeneking.co.uk/pubs/greater-london/stanhope-arms/menu,mention,"### Spritz Cocktails (5) #### Lillet Rosé Spritz Light and refreshing with red berry and subtle floral notes, finishes crisp and aromatic",,,2026-07-07T09:53:07.214Z,"### Spritz Cocktails (5) #### Lillet Rosé Spritz Light and refreshing with red berry and subtle floral notes, finishes crisp and aromatic"
20260707095307,london-008-the-stanhope-arms-london-england-html,The Stanhope Arms,8,https://www.greeneking.co.uk/pubs/greater-london/stanhope-arms/menu,mention,"£11.00 #### Aperol Spritz A classic serve of Aperol, prosecco, and soda £11.00",,,2026-07-07T09:53:07.214Z,"£11.00 #### Aperol Spritz A classic serve of Aperol, prosecco, and soda £11.00"
20260707095307,london-008-the-stanhope-arms-london-england-html,The Stanhope Arms,8,https://www.greeneking.co.uk/pubs/greater-london/stanhope-arms/menu,mention,"£11.00 #### St Germain Hugo Spritz Fresh and floral St-Germain Elderflower Liqueur, prosecco and soda £11.00",,,2026-07-07T09:53:07.214Z,"£11.00 #### St Germain Hugo Spritz Fresh and floral St-Germain Elderflower Liqueur, prosecco and soda £11.00"
20260707095307,london-008-the-stanhope-arms-london-england-html,The Stanhope Arms,8,https://www.greeneking.co.uk/pubs/greater-london/stanhope-arms/menu,mention,"£11.00 #### Limoncello Spritz Bright and zesty Isolabella Limoncello, prosecco and soda £11.00",,,2026-07-07T09:53:07.214Z,"£11.00 #### Limoncello Spritz Bright and zesty Isolabella Limoncello, prosecco and soda £11.00"
20260707095307,london-008-the-stanhope-arms-london-england-html,The Stanhope Arms,8,https://www.greeneking.co.uk/pubs/greater-london/stanhope-arms/menu,mention,"£11.00 #### Sarti Passionfruit Spritz A vibrant spritz combining Sarti Rosa, prosecco, soda, and lime, with passionfruit, mango, and blood orange notes",,,2026-07-07T09:53:07.214Z,"£11.00 #### Sarti Passionfruit Spritz A vibrant spritz combining Sarti Rosa, prosecco, soda, and lime, with passionfruit, mango, and blood orange notes"
20260707095307,london-008-the-stanhope-arms-london-england-html,The Stanhope Arms,8,https://www.greeneking.co.uk/pubs/greater-london/stanhope-arms/menu,mention,"#### Sarti Passionfruit Spritz A vibrant spritz combining Sarti Rosa, prosecco, soda, and lime, with passionfruit, mango, and blood orange notes £11.00",,,2026-07-07T09:53:07.214Z,"#### Sarti Passionfruit Spritz A vibrant spritz combining Sarti Rosa, prosecco, soda, and lime, with passionfruit, mango, and blood orange notes £11.00"
20260707095307,london-008-the-stanhope-arms-london-england-html,The Stanhope Arms,8,https://www.greeneking.co.uk/pubs/greater-london/stanhope-arms/menu,mention,£9.00 #### Warner's 0% Pink Berry Spritz Warner’s 0% Pink Berry paired with Fever-Tree Raspberry & Orange Blossom Soda £9.00,,,2026-07-07T09:53:07.214Z,£9.00 #### Warner's 0% Pink Berry Spritz Warner’s 0% Pink Berry paired with Fever-Tree Raspberry & Orange Blossom Soda £9.00
20260707095307,london-010-sherlock-holmes-london-england-html,Sherlock Holmes,10,https://www.greeneking.co.uk/pubs/greater-london/sherlock-holmes/menu,mention,"£12.50 ### Spritz Cocktails (5) #### Lillet Rosé Spritz Light and refreshing with red berry and subtle floral notes,",,,2026-07-07T09:53:07.214Z,"£12.50 ### Spritz Cocktails (5) #### Lillet Rosé Spritz Light and refreshing with red berry and subtle floral notes,"
20260707095307,london-010-sherlock-holmes-london-england-html,Sherlock Holmes,10,https://www.greeneking.co.uk/pubs/greater-london/sherlock-holmes/menu,mention,"### Spritz Cocktails (5) #### Lillet Rosé Spritz Light and refreshing with red berry and subtle floral notes, finishes crisp and aromatic",,,2026-07-07T09:53:07.214Z,"### Spritz Cocktails (5) #### Lillet Rosé Spritz Light and refreshing with red berry and subtle floral notes, finishes crisp and aromatic"
20260707095307,london-010-sherlock-holmes-london-england-html,Sherlock Holmes,10,https://www.greeneking.co.uk/pubs/greater-london/sherlock-holmes/menu,mention,"£13.00 #### Aperol Spritz A classic serve of Aperol, prosecco, and soda £13.00",,,2026-07-07T09:53:07.214Z,"£13.00 #### Aperol Spritz A classic serve of Aperol, prosecco, and soda £13.00"
20260707095307,london-010-sherlock-holmes-london-england-html,Sherlock Holmes,10,https://www.greeneking.co.uk/pubs/greater-london/sherlock-holmes/menu,mention,"£13.00 #### St Germain Hugo Spritz Fresh and floral St-Germain Elderflower Liqueur, prosecco and soda £13.00",,,2026-07-07T09:53:07.214Z,"£13.00 #### St Germain Hugo Spritz Fresh and floral St-Germain Elderflower Liqueur, prosecco and soda £13.00"
20260707095307,london-010-sherlock-holmes-london-england-html,Sherlock Holmes,10,https://www.greeneking.co.uk/pubs/greater-london/sherlock-holmes/menu,mention,"£13.00 #### Limoncello Spritz Bright and zesty Isolabella Limoncello, prosecco and soda £13.00",,,2026-07-07T09:53:07.214Z,"£13.00 #### Limoncello Spritz Bright and zesty Isolabella Limoncello, prosecco and soda £13.00"
20260707095307,london-010-sherlock-holmes-london-england-html,Sherlock Holmes,10,https://www.greeneking.co.uk/pubs/greater-london/sherlock-holmes/menu,mention,"£13.00 #### Sarti Passionfruit Spritz A vibrant spritz combining Sarti Rosa, prosecco, soda, and lime, with passionfruit, mango, and blood orange notes",,,2026-07-07T09:53:07.214Z,"£13.00 #### Sarti Passionfruit Spritz A vibrant spritz combining Sarti Rosa, prosecco, soda, and lime, with passionfruit, mango, and blood orange notes"
20260707095307,london-010-sherlock-holmes-london-england-html,Sherlock Holmes,10,https://www.greeneking.co.uk/pubs/greater-london/sherlock-holmes/menu,mention,"#### Sarti Passionfruit Spritz A vibrant spritz combining Sarti Rosa, prosecco, soda, and lime, with passionfruit, mango, and blood orange notes £13.00",,,2026-07-07T09:53:07.214Z,"#### Sarti Passionfruit Spritz A vibrant spritz combining Sarti Rosa, prosecco, soda, and lime, with passionfruit, mango, and blood orange notes £13.00"
20260707095307,london-010-sherlock-holmes-london-england-html,Sherlock Holmes,10,https://www.greeneking.co.uk/pubs/greater-london/sherlock-holmes/menu,mention,£11.00 #### Warner's 0% Pink Berry Spritz Warner’s 0% Pink Berry paired with Fever-Tree Raspberry & Orange Blossom Soda £11.00,,,2026-07-07T09:53:07.214Z,£11.00 #### Warner's 0% Pink Berry Spritz Warner’s 0% Pink Berry paired with Fever-Tree Raspberry & Orange Blossom Soda £11.00
20260707095307,london-011-swan-london-england-html,Swan,11,https://www.greeneking.co.uk/pubs/greater-london/swan/menu,mention,"£10.50 ### Spritz Cocktails (5) #### Lillet Rosé Spritz Light and refreshing with red berry and subtle floral notes,",,,2026-07-07T09:53:07.214Z,"£10.50 ### Spritz Cocktails (5) #### Lillet Rosé Spritz Light and refreshing with red berry and subtle floral notes,"
20260707095307,london-011-swan-london-england-html,Swan,11,https://www.greeneking.co.uk/pubs/greater-london/swan/menu,mention,"### Spritz Cocktails (5) #### Lillet Rosé Spritz Light and refreshing with red berry and subtle floral notes, finishes crisp and aromatic",,,2026-07-07T09:53:07.214Z,"### Spritz Cocktails (5) #### Lillet Rosé Spritz Light and refreshing with red berry and subtle floral notes, finishes crisp and aromatic"
20260707095307,london-011-swan-london-england-html,Swan,11,https://www.greeneking.co.uk/pubs/greater-london/swan/menu,mention,"£11.00 #### Aperol Spritz A classic serve of Aperol, prosecco, and soda £11.00",,,2026-07-07T09:53:07.214Z,"£11.00 #### Aperol Spritz A classic serve of Aperol, prosecco, and soda £11.00"
20260707095307,london-011-swan-london-england-html,Swan,11,https://www.greeneking.co.uk/pubs/greater-london/swan/menu,mention,"£11.00 #### St Germain Hugo Spritz Fresh and floral St-Germain Elderflower Liqueur, prosecco and soda £11.00",,,2026-07-07T09:53:07.214Z,"£11.00 #### St Germain Hugo Spritz Fresh and floral St-Germain Elderflower Liqueur, prosecco and soda £11.00"
20260707095307,london-011-swan-london-england-html,Swan,11,https://www.greeneking.co.uk/pubs/greater-london/swan/menu,mention,"£11.00 #### Limoncello Spritz Bright and zesty Isolabella Limoncello, prosecco and soda £11.00",,,2026-07-07T09:53:07.214Z,"£11.00 #### Limoncello Spritz Bright and zesty Isolabella Limoncello, prosecco and soda £11.00"
20260707095307,london-011-swan-london-england-html,Swan,11,https://www.greeneking.co.uk/pubs/greater-london/swan/menu,mention,"£11.00 #### Sarti Passionfruit Spritz A vibrant spritz combining Sarti Rosa, prosecco, soda, and lime, with passionfruit, mango, and blood orange notes",,,2026-07-07T09:53:07.214Z,"£11.00 #### Sarti Passionfruit Spritz A vibrant spritz combining Sarti Rosa, prosecco, soda, and lime, with passionfruit, mango, and blood orange notes"
20260707095307,london-011-swan-london-england-html,Swan,11,https://www.greeneking.co.uk/pubs/greater-london/swan/menu,mention,"#### Sarti Passionfruit Spritz A vibrant spritz combining Sarti Rosa, prosecco, soda, and lime, with passionfruit, mango, and blood orange notes £11.00",,,2026-07-07T09:53:07.214Z,"#### Sarti Passionfruit Spritz A vibrant spritz combining Sarti Rosa, prosecco, soda, and lime, with passionfruit, mango, and blood orange notes £11.00"
20260707095307,london-011-swan-london-england-html,Swan,11,https://www.greeneking.co.uk/pubs/greater-london/swan/menu,mention,£9.00 #### Warner's 0% Pink Berry Spritz Warner’s 0% Pink Berry paired with Fever-Tree Raspberry & Orange Blossom Soda £9.00,,,2026-07-07T09:53:07.214Z,£9.00 #### Warner's 0% Pink Berry Spritz Warner’s 0% Pink Berry paired with Fever-Tree Raspberry & Orange Blossom Soda £9.00
20260707095307,london-013-the-churchill-arms-kensington-london-england-html,"The Churchill Arms, Kensington",13,https://www.churchillarmskensington.co.uk/food,offer,- Competitions & rewards - Special Offers at Fuller's - Offers from our partners [Sign up to Fuller's](https://www.churchillarmskensington.co.uk/food#),,,2026-07-07T09:53:07.214Z,- Competitions & rewards - Special Offers at Fuller's - Offers from our partners [Sign up to Fuller's](https://www.churchillarmskensington.co.uk/food#)
20260707095307,london-013-the-churchill-arms-kensington-london-england-html,"The Churchill Arms, Kensington",13,https://www.churchillarmskensington.co.uk/food,offer,- Special Offers at Fuller's - Offers from our partners [Sign up to Fuller's](https://www.churchillarmskensington.co.uk/food#) ![](https://www.churchillarmskensington.co.uk/assets/pubs/images/themes/fortune/logos/top-bar-fullers-logo.png),,,2026-07-07T09:53:07.214Z,- Special Offers at Fuller's - Offers from our partners [Sign up to Fuller's](https://www.churchillarmskensington.co.uk/food#) ![](https://www.churchillarmskensington.co.uk/assets/pubs/images/themes/fortune/logos/top-bar-fullers-logo.png)
20260707095307,london-019-prospect-of-whitby-london-england-html,Prospect Of Whitby,19,https://www.greeneking.co.uk/pubs/greater-london/prospect-of-whitby/menu,mention,"£10.50 ### Spritz Cocktails (5) #### Lillet Rosé Spritz Light and refreshing with red berry and subtle floral notes,",,,2026-07-07T09:53:07.214Z,"£10.50 ### Spritz Cocktails (5) #### Lillet Rosé Spritz Light and refreshing with red berry and subtle floral notes,"
20260707095307,london-019-prospect-of-whitby-london-england-html,Prospect Of Whitby,19,https://www.greeneking.co.uk/pubs/greater-london/prospect-of-whitby/menu,mention,"### Spritz Cocktails (5) #### Lillet Rosé Spritz Light and refreshing with red berry and subtle floral notes, finishes crisp and aromatic",,,2026-07-07T09:53:07.214Z,"### Spritz Cocktails (5) #### Lillet Rosé Spritz Light and refreshing with red berry and subtle floral notes, finishes crisp and aromatic"
20260707095307,london-019-prospect-of-whitby-london-england-html,Prospect Of Whitby,19,https://www.greeneking.co.uk/pubs/greater-london/prospect-of-whitby/menu,mention,"£11.00 #### Aperol Spritz A classic serve of Aperol, prosecco, and soda £11.00",,,2026-07-07T09:53:07.214Z,"£11.00 #### Aperol Spritz A classic serve of Aperol, prosecco, and soda £11.00"
20260707095307,london-019-prospect-of-whitby-london-england-html,Prospect Of Whitby,19,https://www.greeneking.co.uk/pubs/greater-london/prospect-of-whitby/menu,mention,"£11.00 #### St Germain Hugo Spritz Fresh and floral St-Germain Elderflower Liqueur, prosecco and soda £11.00",,,2026-07-07T09:53:07.214Z,"£11.00 #### St Germain Hugo Spritz Fresh and floral St-Germain Elderflower Liqueur, prosecco and soda £11.00"
20260707095307,london-019-prospect-of-whitby-london-england-html,Prospect Of Whitby,19,https://www.greeneking.co.uk/pubs/greater-london/prospect-of-whitby/menu,mention,"£11.00 #### Limoncello Spritz Bright and zesty Isolabella Limoncello, prosecco and soda £11.00",,,2026-07-07T09:53:07.214Z,"£11.00 #### Limoncello Spritz Bright and zesty Isolabella Limoncello, prosecco and soda £11.00"
20260707095307,london-019-prospect-of-whitby-london-england-html,Prospect Of Whitby,19,https://www.greeneking.co.uk/pubs/greater-london/prospect-of-whitby/menu,mention,"£11.00 #### Sarti Passionfruit Spritz A vibrant spritz combining Sarti Rosa, prosecco, soda, and lime, with passionfruit, mango, and blood orange notes",,,2026-07-07T09:53:07.214Z,"£11.00 #### Sarti Passionfruit Spritz A vibrant spritz combining Sarti Rosa, prosecco, soda, and lime, with passionfruit, mango, and blood orange notes"
20260707095307,london-019-prospect-of-whitby-london-england-html,Prospect Of Whitby,19,https://www.greeneking.co.uk/pubs/greater-london/prospect-of-whitby/menu,mention,"#### Sarti Passionfruit Spritz A vibrant spritz combining Sarti Rosa, prosecco, soda, and lime, with passionfruit, mango, and blood orange notes £11.00",,,2026-07-07T09:53:07.214Z,"#### Sarti Passionfruit Spritz A vibrant spritz combining Sarti Rosa, prosecco, soda, and lime, with passionfruit, mango, and blood orange notes £11.00"
20260707095307,london-019-prospect-of-whitby-london-england-html,Prospect Of Whitby,19,https://www.greeneking.co.uk/pubs/greater-london/prospect-of-whitby/menu,mention,£9.00 #### Warner's 0% Pink Berry Spritz Warner’s 0% Pink Berry paired with Fever-Tree Raspberry & Orange Blossom Soda £9.00,,,2026-07-07T09:53:07.214Z,£9.00 #### Warner's 0% Pink Berry Spritz Warner’s 0% Pink Berry paired with Fever-Tree Raspberry & Orange Blossom Soda £9.00
20260707095307,london-020-kings-arms-london-england-html,Kings Arms,20,https://www.greeneking.co.uk/pubs/greater-london/kings-arms-greenwich/menu,mention,"£10.50 ### Spritz Cocktails (5) #### Lillet Rosé Spritz Light and refreshing with red berry and subtle floral notes,",,,2026-07-07T09:53:07.214Z,"£10.50 ### Spritz Cocktails (5) #### Lillet Rosé Spritz Light and refreshing with red berry and subtle floral notes,"
20260707095307,london-020-kings-arms-london-england-html,Kings Arms,20,https://www.greeneking.co.uk/pubs/greater-london/kings-arms-greenwich/menu,mention,"### Spritz Cocktails (5) #### Lillet Rosé Spritz Light and refreshing with red berry and subtle floral notes, finishes crisp and aromatic",,,2026-07-07T09:53:07.214Z,"### Spritz Cocktails (5) #### Lillet Rosé Spritz Light and refreshing with red berry and subtle floral notes, finishes crisp and aromatic"
20260707095307,london-020-kings-arms-london-england-html,Kings Arms,20,https://www.greeneking.co.uk/pubs/greater-london/kings-arms-greenwich/menu,mention,"£11.00 #### Aperol Spritz A classic serve of Aperol, prosecco, and soda £11.00",,,2026-07-07T09:53:07.214Z,"£11.00 #### Aperol Spritz A classic serve of Aperol, prosecco, and soda £11.00"
20260707095307,london-020-kings-arms-london-england-html,Kings Arms,20,https://www.greeneking.co.uk/pubs/greater-london/kings-arms-greenwich/menu,mention,"£11.00 #### St Germain Hugo Spritz Fresh and floral St-Germain Elderflower Liqueur, prosecco and soda £11.00",,,2026-07-07T09:53:07.214Z,"£11.00 #### St Germain Hugo Spritz Fresh and floral St-Germain Elderflower Liqueur, prosecco and soda £11.00"
20260707095307,london-020-kings-arms-london-england-html,Kings Arms,20,https://www.greeneking.co.uk/pubs/greater-london/kings-arms-greenwich/menu,mention,"£11.00 #### Limoncello Spritz Bright and zesty Isolabella Limoncello, prosecco and soda £11.00",,,2026-07-07T09:53:07.214Z,"£11.00 #### Limoncello Spritz Bright and zesty Isolabella Limoncello, prosecco and soda £11.00"
20260707095307,london-020-kings-arms-london-england-html,Kings Arms,20,https://www.greeneking.co.uk/pubs/greater-london/kings-arms-greenwich/menu,mention,"£11.00 #### Sarti Passionfruit Spritz A vibrant spritz combining Sarti Rosa, prosecco, soda, and lime, with passionfruit, mango, and blood orange notes",,,2026-07-07T09:53:07.214Z,"£11.00 #### Sarti Passionfruit Spritz A vibrant spritz combining Sarti Rosa, prosecco, soda, and lime, with passionfruit, mango, and blood orange notes"
20260707095307,london-020-kings-arms-london-england-html,Kings Arms,20,https://www.greeneking.co.uk/pubs/greater-london/kings-arms-greenwich/menu,mention,"#### Sarti Passionfruit Spritz A vibrant spritz combining Sarti Rosa, prosecco, soda, and lime, with passionfruit, mango, and blood orange notes £11.00",,,2026-07-07T09:53:07.214Z,"#### Sarti Passionfruit Spritz A vibrant spritz combining Sarti Rosa, prosecco, soda, and lime, with passionfruit, mango, and blood orange notes £11.00"
20260707095307,london-020-kings-arms-london-england-html,Kings Arms,20,https://www.greeneking.co.uk/pubs/greater-london/kings-arms-greenwich/menu,mention,£9.00 #### Warner's 0% Pink Berry Spritz Warner’s 0% Pink Berry paired with Fever-Tree Raspberry & Orange Blossom Soda £9.00,,,2026-07-07T09:53:07.214Z,£9.00 #### Warner's 0% Pink Berry Spritz Warner’s 0% Pink Berry paired with Fever-Tree Raspberry & Orange Blossom Soda £9.00
20260707095307,london-022-museum-tavern-london-england-html,Museum Tavern,22,https://www.greeneking.co.uk/pubs/greater-london/museum-tavern/menu,mention,"£10.50 ### Spritz Cocktails (5) #### Lillet Rosé Spritz Light and refreshing with red berry and subtle floral notes,",,,2026-07-07T09:53:07.214Z,"£10.50 ### Spritz Cocktails (5) #### Lillet Rosé Spritz Light and refreshing with red berry and subtle floral notes,"
20260707095307,london-022-museum-tavern-london-england-html,Museum Tavern,22,https://www.greeneking.co.uk/pubs/greater-london/museum-tavern/menu,mention,"### Spritz Cocktails (5) #### Lillet Rosé Spritz Light and refreshing with red berry and subtle floral notes, finishes crisp and aromatic",,,2026-07-07T09:53:07.214Z,"### Spritz Cocktails (5) #### Lillet Rosé Spritz Light and refreshing with red berry and subtle floral notes, finishes crisp and aromatic"
20260707095307,london-022-museum-tavern-london-england-html,Museum Tavern,22,https://www.greeneking.co.uk/pubs/greater-london/museum-tavern/menu,mention,"£11.00 #### Aperol Spritz A classic serve of Aperol, prosecco, and soda £11.00",,,2026-07-07T09:53:07.214Z,"£11.00 #### Aperol Spritz A classic serve of Aperol, prosecco, and soda £11.00"
20260707095307,london-022-museum-tavern-london-england-html,Museum Tavern,22,https://www.greeneking.co.uk/pubs/greater-london/museum-tavern/menu,mention,"£11.00 #### St Germain Hugo Spritz Fresh and floral St-Germain Elderflower Liqueur, prosecco and soda £11.00",,,2026-07-07T09:53:07.214Z,"£11.00 #### St Germain Hugo Spritz Fresh and floral St-Germain Elderflower Liqueur, prosecco and soda £11.00"
20260707095307,london-022-museum-tavern-london-england-html,Museum Tavern,22,https://www.greeneking.co.uk/pubs/greater-london/museum-tavern/menu,mention,"£11.00 #### Limoncello Spritz Bright and zesty Isolabella Limoncello, prosecco and soda £11.00",,,2026-07-07T09:53:07.214Z,"£11.00 #### Limoncello Spritz Bright and zesty Isolabella Limoncello, prosecco and soda £11.00"
20260707095307,london-022-museum-tavern-london-england-html,Museum Tavern,22,https://www.greeneking.co.uk/pubs/greater-london/museum-tavern/menu,mention,"£11.00 #### Sarti Passionfruit Spritz A vibrant spritz combining Sarti Rosa, prosecco, soda, and lime, with passionfruit, mango, and blood orange notes",,,2026-07-07T09:53:07.214Z,"£11.00 #### Sarti Passionfruit Spritz A vibrant spritz combining Sarti Rosa, prosecco, soda, and lime, with passionfruit, mango, and blood orange notes"
20260707095307,london-022-museum-tavern-london-england-html,Museum Tavern,22,https://www.greeneking.co.uk/pubs/greater-london/museum-tavern/menu,mention,"#### Sarti Passionfruit Spritz A vibrant spritz combining Sarti Rosa, prosecco, soda, and lime, with passionfruit, mango, and blood orange notes £11.00",,,2026-07-07T09:53:07.214Z,"#### Sarti Passionfruit Spritz A vibrant spritz combining Sarti Rosa, prosecco, soda, and lime, with passionfruit, mango, and blood orange notes £11.00"
20260707095307,london-022-museum-tavern-london-england-html,Museum Tavern,22,https://www.greeneking.co.uk/pubs/greater-london/museum-tavern/menu,mention,£9.00 #### Warner's 0% Pink Berry Spritz Warner’s 0% Pink Berry paired with Fever-Tree Raspberry & Orange Blossom Soda £9.00,,,2026-07-07T09:53:07.214Z,£9.00 #### Warner's 0% Pink Berry Spritz Warner’s 0% Pink Berry paired with Fever-Tree Raspberry & Orange Blossom Soda £9.00
20260707095307,london-026-george-london-england-html,George,26,https://www.greeneking.co.uk/pubs/greater-london/george-southwark/menu,mention,"£12.50 ### Spritz Cocktails (5) #### Lillet Rosé Spritz Light and refreshing with red berry and subtle floral notes,",,,2026-07-07T09:53:07.214Z,"£12.50 ### Spritz Cocktails (5) #### Lillet Rosé Spritz Light and refreshing with red berry and subtle floral notes,"
20260707095307,london-026-george-london-england-html,George,26,https://www.greeneking.co.uk/pubs/greater-london/george-southwark/menu,mention,"### Spritz Cocktails (5) #### Lillet Rosé Spritz Light and refreshing with red berry and subtle floral notes, finishes crisp and aromatic",,,2026-07-07T09:53:07.214Z,"### Spritz Cocktails (5) #### Lillet Rosé Spritz Light and refreshing with red berry and subtle floral notes, finishes crisp and aromatic"
20260707095307,london-026-george-london-england-html,George,26,https://www.greeneking.co.uk/pubs/greater-london/george-southwark/menu,mention,"£13.00 #### Aperol Spritz A classic serve of Aperol, prosecco, and soda £13.00",,,2026-07-07T09:53:07.214Z,"£13.00 #### Aperol Spritz A classic serve of Aperol, prosecco, and soda £13.00"
20260707095307,london-026-george-london-england-html,George,26,https://www.greeneking.co.uk/pubs/greater-london/george-southwark/menu,mention,"£13.00 #### St Germain Hugo Spritz Fresh and floral St-Germain Elderflower Liqueur, prosecco and soda £13.00",,,2026-07-07T09:53:07.214Z,"£13.00 #### St Germain Hugo Spritz Fresh and floral St-Germain Elderflower Liqueur, prosecco and soda £13.00"
20260707095307,london-026-george-london-england-html,George,26,https://www.greeneking.co.uk/pubs/greater-london/george-southwark/menu,mention,"£13.00 #### Limoncello Spritz Bright and zesty Isolabella Limoncello, prosecco and soda £13.00",,,2026-07-07T09:53:07.214Z,"£13.00 #### Limoncello Spritz Bright and zesty Isolabella Limoncello, prosecco and soda £13.00"
20260707095307,london-026-george-london-england-html,George,26,https://www.greeneking.co.uk/pubs/greater-london/george-southwark/menu,mention,"£13.00 #### Sarti Passionfruit Spritz A vibrant spritz combining Sarti Rosa, prosecco, soda, and lime, with passionfruit, mango, and blood orange notes",,,2026-07-07T09:53:07.214Z,"£13.00 #### Sarti Passionfruit Spritz A vibrant spritz combining Sarti Rosa, prosecco, soda, and lime, with passionfruit, mango, and blood orange notes"
20260707095307,london-026-george-london-england-html,George,26,https://www.greeneking.co.uk/pubs/greater-london/george-southwark/menu,mention,"#### Sarti Passionfruit Spritz A vibrant spritz combining Sarti Rosa, prosecco, soda, and lime, with passionfruit, mango, and blood orange notes £13.00",,,2026-07-07T09:53:07.214Z,"#### Sarti Passionfruit Spritz A vibrant spritz combining Sarti Rosa, prosecco, soda, and lime, with passionfruit, mango, and blood orange notes £13.00"
20260707095307,london-026-george-london-england-html,George,26,https://www.greeneking.co.uk/pubs/greater-london/george-southwark/menu,mention,£11.00 #### Warner's 0% Pink Berry Spritz Warner’s 0% Pink Berry paired with Fever-Tree Raspberry & Orange Blossom Soda £11.00,,,2026-07-07T09:53:07.214Z,£11.00 #### Warner's 0% Pink Berry Spritz Warner’s 0% Pink Berry paired with Fever-Tree Raspberry & Orange Blossom Soda £11.00
20260707095307,london-042-two-chairmen-london-england-html,Two Chairmen,42,https://www.greeneking.co.uk/pubs/greater-london/two-chairmen/menu,mention,"£12.50 ### Spritz Cocktails (5) #### Lillet Rosé Spritz Light and refreshing with red berry and subtle floral notes,",,,2026-07-07T09:53:07.214Z,"£12.50 ### Spritz Cocktails (5) #### Lillet Rosé Spritz Light and refreshing with red berry and subtle floral notes,"
20260707095307,london-042-two-chairmen-london-england-html,Two Chairmen,42,https://www.greeneking.co.uk/pubs/greater-london/two-chairmen/menu,mention,"### Spritz Cocktails (5) #### Lillet Rosé Spritz Light and refreshing with red berry and subtle floral notes, finishes crisp and aromatic",,,2026-07-07T09:53:07.214Z,"### Spritz Cocktails (5) #### Lillet Rosé Spritz Light and refreshing with red berry and subtle floral notes, finishes crisp and aromatic"
20260707095307,london-042-two-chairmen-london-england-html,Two Chairmen,42,https://www.greeneking.co.uk/pubs/greater-london/two-chairmen/menu,mention,"£13.00 #### Aperol Spritz A classic serve of Aperol, prosecco, and soda £13.00",,,2026-07-07T09:53:07.214Z,"£13.00 #### Aperol Spritz A classic serve of Aperol, prosecco, and soda £13.00"
20260707095307,london-042-two-chairmen-london-england-html,Two Chairmen,42,https://www.greeneking.co.uk/pubs/greater-london/two-chairmen/menu,mention,"£13.00 #### St Germain Hugo Spritz Fresh and floral St-Germain Elderflower Liqueur, prosecco and soda £13.00",,,2026-07-07T09:53:07.214Z,"£13.00 #### St Germain Hugo Spritz Fresh and floral St-Germain Elderflower Liqueur, prosecco and soda £13.00"
20260707095307,london-042-two-chairmen-london-england-html,Two Chairmen,42,https://www.greeneking.co.uk/pubs/greater-london/two-chairmen/menu,mention,"£13.00 #### Limoncello Spritz Bright and zesty Isolabella Limoncello, prosecco and soda £13.00",,,2026-07-07T09:53:07.214Z,"£13.00 #### Limoncello Spritz Bright and zesty Isolabella Limoncello, prosecco and soda £13.00"
20260707095307,london-042-two-chairmen-london-england-html,Two Chairmen,42,https://www.greeneking.co.uk/pubs/greater-london/two-chairmen/menu,mention,"£13.00 #### Sarti Passionfruit Spritz A vibrant spritz combining Sarti Rosa, prosecco, soda, and lime, with passionfruit, mango, and blood orange notes",,,2026-07-07T09:53:07.214Z,"£13.00 #### Sarti Passionfruit Spritz A vibrant spritz combining Sarti Rosa, prosecco, soda, and lime, with passionfruit, mango, and blood orange notes"
20260707095307,london-042-two-chairmen-london-england-html,Two Chairmen,42,https://www.greeneking.co.uk/pubs/greater-london/two-chairmen/menu,mention,"#### Sarti Passionfruit Spritz A vibrant spritz combining Sarti Rosa, prosecco, soda, and lime, with passionfruit, mango, and blood orange notes £13.00",,,2026-07-07T09:53:07.214Z,"#### Sarti Passionfruit Spritz A vibrant spritz combining Sarti Rosa, prosecco, soda, and lime, with passionfruit, mango, and blood orange notes £13.00"
20260707095307,london-042-two-chairmen-london-england-html,Two Chairmen,42,https://www.greeneking.co.uk/pubs/greater-london/two-chairmen/menu,mention,£11.00 #### Warner's 0% Pink Berry Spritz Warner’s 0% Pink Berry paired with Fever-Tree Raspberry & Orange Blossom Soda £11.00,,,2026-07-07T09:53:07.214Z,£11.00 #### Warner's 0% Pink Berry Spritz Warner’s 0% Pink Berry paired with Fever-Tree Raspberry & Orange Blossom Soda £11.00
20260707095307,london-043-blue-posts-london-england-html,Blue Posts,43,https://www.greeneking.co.uk/pubs/greater-london/blue-posts/menu,mention,"£12.50 ### Spritz Cocktails (5) #### Lillet Rosé Spritz Light and refreshing with red berry and subtle floral notes,",,,2026-07-07T09:53:07.214Z,"£12.50 ### Spritz Cocktails (5) #### Lillet Rosé Spritz Light and refreshing with red berry and subtle floral notes,"
20260707095307,london-043-blue-posts-london-england-html,Blue Posts,43,https://www.greeneking.co.uk/pubs/greater-london/blue-posts/menu,mention,"### Spritz Cocktails (5) #### Lillet Rosé Spritz Light and refreshing with red berry and subtle floral notes, finishes crisp and aromatic",,,2026-07-07T09:53:07.214Z,"### Spritz Cocktails (5) #### Lillet Rosé Spritz Light and refreshing with red berry and subtle floral notes, finishes crisp and aromatic"
20260707095307,london-043-blue-posts-london-england-html,Blue Posts,43,https://www.greeneking.co.uk/pubs/greater-london/blue-posts/menu,mention,"£13.00 #### Aperol Spritz A classic serve of Aperol, prosecco, and soda £13.00",,,2026-07-07T09:53:07.214Z,"£13.00 #### Aperol Spritz A classic serve of Aperol, prosecco, and soda £13.00"
20260707095307,london-043-blue-posts-london-england-html,Blue Posts,43,https://www.greeneking.co.uk/pubs/greater-london/blue-posts/menu,mention,"£13.00 #### St Germain Hugo Spritz Fresh and floral St-Germain Elderflower Liqueur, prosecco and soda £13.00",,,2026-07-07T09:53:07.214Z,"£13.00 #### St Germain Hugo Spritz Fresh and floral St-Germain Elderflower Liqueur, prosecco and soda £13.00"
20260707095307,london-043-blue-posts-london-england-html,Blue Posts,43,https://www.greeneking.co.uk/pubs/greater-london/blue-posts/menu,mention,"£13.00 #### Limoncello Spritz Bright and zesty Isolabella Limoncello, prosecco and soda £13.00",,,2026-07-07T09:53:07.214Z,"£13.00 #### Limoncello Spritz Bright and zesty Isolabella Limoncello, prosecco and soda £13.00"
20260707095307,london-043-blue-posts-london-england-html,Blue Posts,43,https://www.greeneking.co.uk/pubs/greater-london/blue-posts/menu,mention,"£13.00 #### Sarti Passionfruit Spritz A vibrant spritz combining Sarti Rosa, prosecco, soda, and lime, with passionfruit, mango, and blood orange notes",,,2026-07-07T09:53:07.214Z,"£13.00 #### Sarti Passionfruit Spritz A vibrant spritz combining Sarti Rosa, prosecco, soda, and lime, with passionfruit, mango, and blood orange notes"
20260707095307,london-043-blue-posts-london-england-html,Blue Posts,43,https://www.greeneking.co.uk/pubs/greater-london/blue-posts/menu,mention,"#### Sarti Passionfruit Spritz A vibrant spritz combining Sarti Rosa, prosecco, soda, and lime, with passionfruit, mango, and blood orange notes £13.00",,,2026-07-07T09:53:07.214Z,"#### Sarti Passionfruit Spritz A vibrant spritz combining Sarti Rosa, prosecco, soda, and lime, with passionfruit, mango, and blood orange notes £13.00"
20260707095307,london-043-blue-posts-london-england-html,Blue Posts,43,https://www.greeneking.co.uk/pubs/greater-london/blue-posts/menu,mention,£11.00 #### Warner's 0% Pink Berry Spritz Warner’s 0% Pink Berry paired with Fever-Tree Raspberry & Orange Blossom Soda £11.00,,,2026-07-07T09:53:07.214Z,£11.00 #### Warner's 0% Pink Berry Spritz Warner’s 0% Pink Berry paired with Fever-Tree Raspberry & Orange Blossom Soda £11.00
20260707095307,london-046-three-jolly-butchers-london-england-html,Three Jolly Butchers,46,https://www.greeneking.co.uk/pubs/greater-london/three-jolly-butchers/menu,mention,"£12.50 ### Spritz Cocktails (5) #### Lillet Rosé Spritz Light and refreshing with red berry and subtle floral notes,",,,2026-07-07T09:53:07.214Z,"£12.50 ### Spritz Cocktails (5) #### Lillet Rosé Spritz Light and refreshing with red berry and subtle floral notes,"
20260707095307,london-046-three-jolly-butchers-london-england-html,Three Jolly Butchers,46,https://www.greeneking.co.uk/pubs/greater-london/three-jolly-butchers/menu,mention,"### Spritz Cocktails (5) #### Lillet Rosé Spritz Light and refreshing with red berry and subtle floral notes, finishes crisp and aromatic",,,2026-07-07T09:53:07.214Z,"### Spritz Cocktails (5) #### Lillet Rosé Spritz Light and refreshing with red berry and subtle floral notes, finishes crisp and aromatic"
20260707095307,london-046-three-jolly-butchers-london-england-html,Three Jolly Butchers,46,https://www.greeneking.co.uk/pubs/greater-london/three-jolly-butchers/menu,mention,"£13.00 #### Aperol Spritz A classic serve of Aperol, prosecco, and soda £13.00",,,2026-07-07T09:53:07.214Z,"£13.00 #### Aperol Spritz A classic serve of Aperol, prosecco, and soda £13.00"
20260707095307,london-046-three-jolly-butchers-london-england-html,Three Jolly Butchers,46,https://www.greeneking.co.uk/pubs/greater-london/three-jolly-butchers/menu,mention,"£13.00 #### St Germain Hugo Spritz Fresh and floral St-Germain Elderflower Liqueur, prosecco and soda £13.00",,,2026-07-07T09:53:07.214Z,"£13.00 #### St Germain Hugo Spritz Fresh and floral St-Germain Elderflower Liqueur, prosecco and soda £13.00"
20260707095307,london-046-three-jolly-butchers-london-england-html,Three Jolly Butchers,46,https://www.greeneking.co.uk/pubs/greater-london/three-jolly-butchers/menu,mention,"£13.00 #### Limoncello Spritz Bright and zesty Isolabella Limoncello, prosecco and soda £13.00",,,2026-07-07T09:53:07.214Z,"£13.00 #### Limoncello Spritz Bright and zesty Isolabella Limoncello, prosecco and soda £13.00"
20260707095307,london-046-three-jolly-butchers-london-england-html,Three Jolly Butchers,46,https://www.greeneking.co.uk/pubs/greater-london/three-jolly-butchers/menu,mention,"£13.00 #### Sarti Passionfruit Spritz A vibrant spritz combining Sarti Rosa, prosecco, soda, and lime, with passionfruit, mango, and blood orange notes",,,2026-07-07T09:53:07.214Z,"£13.00 #### Sarti Passionfruit Spritz A vibrant spritz combining Sarti Rosa, prosecco, soda, and lime, with passionfruit, mango, and blood orange notes"
20260707095307,london-046-three-jolly-butchers-london-england-html,Three Jolly Butchers,46,https://www.greeneking.co.uk/pubs/greater-london/three-jolly-butchers/menu,mention,"#### Sarti Passionfruit Spritz A vibrant spritz combining Sarti Rosa, prosecco, soda, and lime, with passionfruit, mango, and blood orange notes £13.00",,,2026-07-07T09:53:07.214Z,"#### Sarti Passionfruit Spritz A vibrant spritz combining Sarti Rosa, prosecco, soda, and lime, with passionfruit, mango, and blood orange notes £13.00"
20260707095307,london-046-three-jolly-butchers-london-england-html,Three Jolly Butchers,46,https://www.greeneking.co.uk/pubs/greater-london/three-jolly-butchers/menu,mention,£11.00 #### Warner's 0% Pink Berry Spritz Warner’s 0% Pink Berry paired with Fever-Tree Raspberry & Orange Blossom Soda £11.00,,,2026-07-07T09:53:07.214Z,£11.00 #### Warner's 0% Pink Berry Spritz Warner’s 0% Pink Berry paired with Fever-Tree Raspberry & Orange Blossom Soda £11.00
20260707095307,london-050-leicester-arms-london-england-html,Leicester Arms,50,https://www.greeneking.co.uk/pubs/greater-london/leicester-arms/menu,mention,"£10.50 ### Spritz Cocktails (5) #### Lillet Rosé Spritz Light and refreshing with red berry and subtle floral notes,",,,2026-07-07T09:53:07.214Z,"£10.50 ### Spritz Cocktails (5) #### Lillet Rosé Spritz Light and refreshing with red berry and subtle floral notes,"
20260707095307,london-050-leicester-arms-london-england-html,Leicester Arms,50,https://www.greeneking.co.uk/pubs/greater-london/leicester-arms/menu,mention,"### Spritz Cocktails (5) #### Lillet Rosé Spritz Light and refreshing with red berry and subtle floral notes, finishes crisp and aromatic",,,2026-07-07T09:53:07.214Z,"### Spritz Cocktails (5) #### Lillet Rosé Spritz Light and refreshing with red berry and subtle floral notes, finishes crisp and aromatic"
20260707095307,london-050-leicester-arms-london-england-html,Leicester Arms,50,https://www.greeneking.co.uk/pubs/greater-london/leicester-arms/menu,mention,"£11.00 #### Aperol Spritz A classic serve of Aperol, prosecco, and soda £11.00",,,2026-07-07T09:53:07.214Z,"£11.00 #### Aperol Spritz A classic serve of Aperol, prosecco, and soda £11.00"
20260707095307,london-050-leicester-arms-london-england-html,Leicester Arms,50,https://www.greeneking.co.uk/pubs/greater-london/leicester-arms/menu,mention,"£11.00 #### St Germain Hugo Spritz Fresh and floral St-Germain Elderflower Liqueur, prosecco and soda £11.00",,,2026-07-07T09:53:07.214Z,"£11.00 #### St Germain Hugo Spritz Fresh and floral St-Germain Elderflower Liqueur, prosecco and soda £11.00"
20260707095307,london-050-leicester-arms-london-england-html,Leicester Arms,50,https://www.greeneking.co.uk/pubs/greater-london/leicester-arms/menu,mention,"£11.00 #### Limoncello Spritz Bright and zesty Isolabella Limoncello, prosecco and soda £11.00",,,2026-07-07T09:53:07.214Z,"£11.00 #### Limoncello Spritz Bright and zesty Isolabella Limoncello, prosecco and soda £11.00"
20260707095307,london-050-leicester-arms-london-england-html,Leicester Arms,50,https://www.greeneking.co.uk/pubs/greater-london/leicester-arms/menu,mention,"£11.00 #### Sarti Passionfruit Spritz A vibrant spritz combining Sarti Rosa, prosecco, soda, and lime, with passionfruit, mango, and blood orange notes",,,2026-07-07T09:53:07.214Z,"£11.00 #### Sarti Passionfruit Spritz A vibrant spritz combining Sarti Rosa, prosecco, soda, and lime, with passionfruit, mango, and blood orange notes"
20260707095307,london-050-leicester-arms-london-england-html,Leicester Arms,50,https://www.greeneking.co.uk/pubs/greater-london/leicester-arms/menu,mention,"#### Sarti Passionfruit Spritz A vibrant spritz combining Sarti Rosa, prosecco, soda, and lime, with passionfruit, mango, and blood orange notes £11.00",,,2026-07-07T09:53:07.214Z,"#### Sarti Passionfruit Spritz A vibrant spritz combining Sarti Rosa, prosecco, soda, and lime, with passionfruit, mango, and blood orange notes £11.00"
20260707095307,london-050-leicester-arms-london-england-html,Leicester Arms,50,https://www.greeneking.co.uk/pubs/greater-london/leicester-arms/menu,mention,£9.00 #### Warner's 0% Pink Berry Spritz Warner’s 0% Pink Berry paired with Fever-Tree Raspberry & Orange Blossom Soda £9.00,,,2026-07-07T09:53:07.214Z,£9.00 #### Warner's 0% Pink Berry Spritz Warner’s 0% Pink Berry paired with Fever-Tree Raspberry & Orange Blossom Soda £9.00
20260707095307,london-055-kings-head-london-england-html,Kings Head,55,https://www.greeneking.co.uk/pubs/greater-london/kings-head/menu,mention,"£12.50 ### Spritz Cocktails (5) #### Lillet Rosé Spritz Light and refreshing with red berry and subtle floral notes,",,,2026-07-07T09:53:07.214Z,"£12.50 ### Spritz Cocktails (5) #### Lillet Rosé Spritz Light and refreshing with red berry and subtle floral notes,"
20260707095307,london-055-kings-head-london-england-html,Kings Head,55,https://www.greeneking.co.uk/pubs/greater-london/kings-head/menu,mention,"### Spritz Cocktails (5) #### Lillet Rosé Spritz Light and refreshing with red berry and subtle floral notes, finishes crisp and aromatic",,,2026-07-07T09:53:07.214Z,"### Spritz Cocktails (5) #### Lillet Rosé Spritz Light and refreshing with red berry and subtle floral notes, finishes crisp and aromatic"
20260707095307,london-055-kings-head-london-england-html,Kings Head,55,https://www.greeneking.co.uk/pubs/greater-london/kings-head/menu,mention,"£13.00 #### Aperol Spritz A classic serve of Aperol, prosecco, and soda £13.00",,,2026-07-07T09:53:07.214Z,"£13.00 #### Aperol Spritz A classic serve of Aperol, prosecco, and soda £13.00"
20260707095307,london-055-kings-head-london-england-html,Kings Head,55,https://www.greeneking.co.uk/pubs/greater-london/kings-head/menu,mention,"£13.00 #### St Germain Hugo Spritz Fresh and floral St-Germain Elderflower Liqueur, prosecco and soda £13.00",,,2026-07-07T09:53:07.214Z,"£13.00 #### St Germain Hugo Spritz Fresh and floral St-Germain Elderflower Liqueur, prosecco and soda £13.00"
20260707095307,london-055-kings-head-london-england-html,Kings Head,55,https://www.greeneking.co.uk/pubs/greater-london/kings-head/menu,mention,"£13.00 #### Limoncello Spritz Bright and zesty Isolabella Limoncello, prosecco and soda £13.00",,,2026-07-07T09:53:07.214Z,"£13.00 #### Limoncello Spritz Bright and zesty Isolabella Limoncello, prosecco and soda £13.00"
20260707095307,london-055-kings-head-london-england-html,Kings Head,55,https://www.greeneking.co.uk/pubs/greater-london/kings-head/menu,mention,"£13.00 #### Sarti Passionfruit Spritz A vibrant spritz combining Sarti Rosa, prosecco, soda, and lime, with passionfruit, mango, and blood orange notes",,,2026-07-07T09:53:07.214Z,"£13.00 #### Sarti Passionfruit Spritz A vibrant spritz combining Sarti Rosa, prosecco, soda, and lime, with passionfruit, mango, and blood orange notes"
20260707095307,london-055-kings-head-london-england-html,Kings Head,55,https://www.greeneking.co.uk/pubs/greater-london/kings-head/menu,mention,"#### Sarti Passionfruit Spritz A vibrant spritz combining Sarti Rosa, prosecco, soda, and lime, with passionfruit, mango, and blood orange notes £13.00",,,2026-07-07T09:53:07.214Z,"#### Sarti Passionfruit Spritz A vibrant spritz combining Sarti Rosa, prosecco, soda, and lime, with passionfruit, mango, and blood orange notes £13.00"
20260707095307,london-055-kings-head-london-england-html,Kings Head,55,https://www.greeneking.co.uk/pubs/greater-london/kings-head/menu,mention,£11.00 #### Warner's 0% Pink Berry Spritz Warner’s 0% Pink Berry paired with Fever-Tree Raspberry & Orange Blossom Soda £11.00,,,2026-07-07T09:53:07.214Z,£11.00 #### Warner's 0% Pink Berry Spritz Warner’s 0% Pink Berry paired with Fever-Tree Raspberry & Orange Blossom Soda £11.00
20260707095307,london-061-the-yacht-london-england-html,The Yacht,61,https://www.greeneking.co.uk/pubs/greater-london/yacht/menu,mention,"£10.50 ### Spritz Cocktails (5) #### Lillet Rosé Spritz Light and refreshing with red berry and subtle floral notes,",,,2026-07-07T09:53:07.214Z,"£10.50 ### Spritz Cocktails (5) #### Lillet Rosé Spritz Light and refreshing with red berry and subtle floral notes,"
20260707095307,london-061-the-yacht-london-england-html,The Yacht,61,https://www.greeneking.co.uk/pubs/greater-london/yacht/menu,mention,"### Spritz Cocktails (5) #### Lillet Rosé Spritz Light and refreshing with red berry and subtle floral notes, finishes crisp and aromatic",,,2026-07-07T09:53:07.214Z,"### Spritz Cocktails (5) #### Lillet Rosé Spritz Light and refreshing with red berry and subtle floral notes, finishes crisp and aromatic"
20260707095307,london-061-the-yacht-london-england-html,The Yacht,61,https://www.greeneking.co.uk/pubs/greater-london/yacht/menu,mention,"£11.00 #### Aperol Spritz A classic serve of Aperol, prosecco, and soda £11.00",,,2026-07-07T09:53:07.214Z,"£11.00 #### Aperol Spritz A classic serve of Aperol, prosecco, and soda £11.00"
20260707095307,london-061-the-yacht-london-england-html,The Yacht,61,https://www.greeneking.co.uk/pubs/greater-london/yacht/menu,mention,"£11.00 #### St Germain Hugo Spritz Fresh and floral St-Germain Elderflower Liqueur, prosecco and soda £11.00",,,2026-07-07T09:53:07.214Z,"£11.00 #### St Germain Hugo Spritz Fresh and floral St-Germain Elderflower Liqueur, prosecco and soda £11.00"
20260707095307,london-061-the-yacht-london-england-html,The Yacht,61,https://www.greeneking.co.uk/pubs/greater-london/yacht/menu,mention,"£11.00 #### Limoncello Spritz Bright and zesty Isolabella Limoncello, prosecco and soda £11.00",,,2026-07-07T09:53:07.214Z,"£11.00 #### Limoncello Spritz Bright and zesty Isolabella Limoncello, prosecco and soda £11.00"
20260707095307,london-061-the-yacht-london-england-html,The Yacht,61,https://www.greeneking.co.uk/pubs/greater-london/yacht/menu,mention,"£11.00 #### Sarti Passionfruit Spritz A vibrant spritz combining Sarti Rosa, prosecco, soda, and lime, with passionfruit, mango, and blood orange notes",,,2026-07-07T09:53:07.214Z,"£11.00 #### Sarti Passionfruit Spritz A vibrant spritz combining Sarti Rosa, prosecco, soda, and lime, with passionfruit, mango, and blood orange notes"
20260707095307,london-061-the-yacht-london-england-html,The Yacht,61,https://www.greeneking.co.uk/pubs/greater-london/yacht/menu,mention,"#### Sarti Passionfruit Spritz A vibrant spritz combining Sarti Rosa, prosecco, soda, and lime, with passionfruit, mango, and blood orange notes £11.00",,,2026-07-07T09:53:07.214Z,"#### Sarti Passionfruit Spritz A vibrant spritz combining Sarti Rosa, prosecco, soda, and lime, with passionfruit, mango, and blood orange notes £11.00"
20260707095307,london-061-the-yacht-london-england-html,The Yacht,61,https://www.greeneking.co.uk/pubs/greater-london/yacht/menu,mention,£9.00 #### Warner's 0% Pink Berry Spritz Warner’s 0% Pink Berry paired with Fever-Tree Raspberry & Orange Blossom Soda £9.00,,,2026-07-07T09:53:07.214Z,£9.00 #### Warner's 0% Pink Berry Spritz Warner’s 0% Pink Berry paired with Fever-Tree Raspberry & Orange Blossom Soda £9.00
20260707095307,london-062-the-albert-london-england-html,The Albert,62,https://www.greeneking.co.uk/pubs/greater-london/albert/menu,mention,"£10.50 ### Spritz Cocktails (5) #### Lillet Rosé Spritz Light and refreshing with red berry and subtle floral notes,",,,2026-07-07T09:53:07.214Z,"£10.50 ### Spritz Cocktails (5) #### Lillet Rosé Spritz Light and refreshing with red berry and subtle floral notes,"
20260707095307,london-062-the-albert-london-england-html,The Albert,62,https://www.greeneking.co.uk/pubs/greater-london/albert/menu,mention,"### Spritz Cocktails (5) #### Lillet Rosé Spritz Light and refreshing with red berry and subtle floral notes, finishes crisp and aromatic",,,2026-07-07T09:53:07.214Z,"### Spritz Cocktails (5) #### Lillet Rosé Spritz Light and refreshing with red berry and subtle floral notes, finishes crisp and aromatic"
20260707095307,london-062-the-albert-london-england-html,The Albert,62,https://www.greeneking.co.uk/pubs/greater-london/albert/menu,mention,"£11.00 #### Aperol Spritz A classic serve of Aperol, prosecco, and soda £11.00",,,2026-07-07T09:53:07.214Z,"£11.00 #### Aperol Spritz A classic serve of Aperol, prosecco, and soda £11.00"
20260707095307,london-062-the-albert-london-england-html,The Albert,62,https://www.greeneking.co.uk/pubs/greater-london/albert/menu,mention,"£11.00 #### St Germain Hugo Spritz Fresh and floral St-Germain Elderflower Liqueur, prosecco and soda £11.00",,,2026-07-07T09:53:07.214Z,"£11.00 #### St Germain Hugo Spritz Fresh and floral St-Germain Elderflower Liqueur, prosecco and soda £11.00"
20260707095307,london-062-the-albert-london-england-html,The Albert,62,https://www.greeneking.co.uk/pubs/greater-london/albert/menu,mention,"£11.00 #### Limoncello Spritz Bright and zesty Isolabella Limoncello, prosecco and soda £11.00",,,2026-07-07T09:53:07.214Z,"£11.00 #### Limoncello Spritz Bright and zesty Isolabella Limoncello, prosecco and soda £11.00"
20260707095307,london-062-the-albert-london-england-html,The Albert,62,https://www.greeneking.co.uk/pubs/greater-london/albert/menu,mention,"£11.00 #### Sarti Passionfruit Spritz A vibrant spritz combining Sarti Rosa, prosecco, soda, and lime, with passionfruit, mango, and blood orange notes",,,2026-07-07T09:53:07.214Z,"£11.00 #### Sarti Passionfruit Spritz A vibrant spritz combining Sarti Rosa, prosecco, soda, and lime, with passionfruit, mango, and blood orange notes"
20260707095307,london-062-the-albert-london-england-html,The Albert,62,https://www.greeneking.co.uk/pubs/greater-london/albert/menu,mention,"#### Sarti Passionfruit Spritz A vibrant spritz combining Sarti Rosa, prosecco, soda, and lime, with passionfruit, mango, and blood orange notes £11.00",,,2026-07-07T09:53:07.214Z,"#### Sarti Passionfruit Spritz A vibrant spritz combining Sarti Rosa, prosecco, soda, and lime, with passionfruit, mango, and blood orange notes £11.00"
20260707095307,london-062-the-albert-london-england-html,The Albert,62,https://www.greeneking.co.uk/pubs/greater-london/albert/menu,mention,£9.00 #### Warner's 0% Pink Berry Spritz Warner’s 0% Pink Berry paired with Fever-Tree Raspberry & Orange Blossom Soda £9.00,,,2026-07-07T09:53:07.214Z,£9.00 #### Warner's 0% Pink Berry Spritz Warner’s 0% Pink Berry paired with Fever-Tree Raspberry & Orange Blossom Soda £9.00
20260707095307,london-065-greystoke-london-england-html,Greystoke,65,https://www.greeneking.co.uk/pubs/greater-london/greystoke/menu,offer,"# Find a Pub Near You Searching for the ideal pub near you? Greene King has you covered. From family get-togethers to post-walk pints with your four-legged friend by your side, you'll find a pub to suit you. Whether it's enjoying a meal al fresco with a view overlooking the river, soaking up the sun in one of our beer gardens or tucking into a hearty carvery, you're sure to find a pub to suit you. With hundreds of pubs stretching across the UK, we're always just around the corner. ## Find a pub ",fri; sun,,2026-07-07T09:53:07.214Z,"# Find a Pub Near You Searching for the ideal pub near you? Greene King has you covered. From family get-togethers to post-walk pints with your four-legged friend by your side, you'll find a pub to suit you. Whether it's enjoying a meal al fresco with a view overlooking the river, soaking up the sun in one of our beer gardens or tucking into a hearty carvery, you're sure to find a pub to suit you. With hundreds of pubs stretching across the UK, we're always just around the corner. ## Find a pub near you Use your location"
20260707095307,london-065-greystoke-london-england-html,Greystoke,65,https://www.greeneking.co.uk/pubs/greater-london/greystoke/menu,offer,Facilities WiFi Family Friendly Disabled Facilities Dog Friendly Car Park Beer Garden Coaches Accepted TNT Sports Sky Sports Football Offers Functions Dartboard Cashless Pool Table Historic Pub Takeaway EV Charging Tennis Rugby Union Outdoor Play Motor Sports Sky TV Cricket Hotel Delivery Indoor Play Waterside Pub Rugby League Cycling AmazonSports Wacky Warehouse Golf Interactive Darts Horse Racing TotSpot Shuffleboard Baseball Australian Rules Greyhound Racing Bank Shot Shuffleboard Boxing Comb,Fri; Fri,,2026-07-07T09:53:07.214Z,Facilities WiFi Family Friendly Disabled Facilities Dog Friendly Car Park Beer Garden Coaches Accepted TNT Sports Sky Sports Football Offers Functions Dartboard Cashless Pool Table Historic Pub Takeaway EV Charging Tennis Rugby Union Outdoor Play Motor Sports Sky TV Cricket Hotel Delivery Indoor Play Waterside Pub Rugby League Cycling AmazonSports Wacky Warehouse Golf Interactive Darts Horse Racing TotSpot Shuffleboard Baseball Australian Rules Greyhound Racing Bank Shot Shuffleboard Boxing Combat Sports Hurling Augmented Darts Pool Al Fresco Dining brand Belhaven Chef & Brewer Farmhouse Inns Farmhouse Kitchen Flaming Grill Greene King Hungry Horse Metro
20260707095307,london-065-greystoke-london-england-html,Greystoke,65,https://www.greeneking.co.uk/pubs/greater-london/greystoke/menu,offer,"Gathering the family for a meal out should be stress-free and full of fun - and that's exactly what you'll find at Greene King's [family-friendly pubs](https://www.greeneking.co.uk/pubs-near-me/family-friendly). With features like secure beer gardens and dedicated play areas, we make sure that both kids and adults have a fantastic time. It's all about giving parents a moment of relaxation while the little ones enjoy their own adventure. Plus, with specially crafted children's menus, even the pic",fri; fri; Fri; fri,,2026-07-07T09:53:07.214Z,"Gathering the family for a meal out should be stress-free and full of fun - and that's exactly what you'll find at Greene King's [family-friendly pubs](https://www.greeneking.co.uk/pubs-near-me/family-friendly). With features like secure beer gardens and dedicated play areas, we make sure that both kids and adults have a fantastic time. It's all about giving parents a moment of relaxation while the little ones enjoy their own adventure. Plus, with specially crafted children's menus, even the pickiest eaters will be smiling. And for those extra special play days, [our Wacky Warehouse](https://www.wackywarehouse.co.uk/locations) venues are a hit, offering a safe space for creativity and play, or just a cosy corner for parents to unwind with a cuppa. ![7771_GK_P&G_Folly_East-Cowes_Lifestyle_D"
20260707095307,london-065-greystoke-london-england-html,Greystoke,65,https://www.greeneking.co.uk/pubs/greater-london/greystoke/menu,offer,"## Dog-friendly pubs Exploring new places with your dog is one of life’s simple pleasures and at Greene King, we ensure that your furry friends are as welcome as you are. Our [dog-friendly pubs](https://www.greeneking.co.uk/pubs-near-me/dog-friendly) across the UK offer the perfect spot for you and your pooch to relax after a long walk, with special treats to make them feel right at home. Whether it's a sunny afternoon in our beer garden or a peaceful corner inside, we've got the perfect setting",fri; fri; fri; fri; sun; fri,,2026-07-07T09:53:07.214Z,"## Dog-friendly pubs Exploring new places with your dog is one of life’s simple pleasures and at Greene King, we ensure that your furry friends are as welcome as you are. Our [dog-friendly pubs](https://www.greeneking.co.uk/pubs-near-me/dog-friendly) across the UK offer the perfect spot for you and your pooch to relax after a long walk, with special treats to make them feel right at home. Whether it's a sunny afternoon in our beer garden or a peaceful corner inside, we've got the perfect setting for a paw-some day out. Use our pub finder to sniff out your nearest dog-friendly Greene King pub! ![5790_DB_FHI_Holly-Tree-Farm_Nottingham_People_Lifestyle_Carvery-Deck_2023_012.jpg](https://gkbr-p-001.sitecorecontenthub.cloud/api/public/content/7d136bf0d8684ccca106b6c0b4aba301?v=40e44e4b&t=s445) "
20260707095307,london-065-greystoke-london-england-html,Greystoke,65,https://www.greeneking.co.uk/pubs/greater-london/greystoke/menu,offer,"## Pubs with a carvery There’s nothing quite like the traditional British roast dinner and at Greene King, we’ve perfected the art. Our [Farmhouse Inns](https://www.farmhouseinns.co.uk/pubs-near-me) and Greene King Pub & Carvery venues offer a selection of juicy, slow-cooked meats every day of the week, accompanied by all the trimmings you could wish for: fluffy Yorkshire puddings, a variety of seasonal veggies and lashings of rich gravy. It's a feast fit for a king or queen, making any day feel",Sunday,,2026-07-07T09:53:07.214Z,"## Pubs with a carvery There’s nothing quite like the traditional British roast dinner and at Greene King, we’ve perfected the art. Our [Farmhouse Inns](https://www.farmhouseinns.co.uk/pubs-near-me) and Greene King Pub & Carvery venues offer a selection of juicy, slow-cooked meats every day of the week, accompanied by all the trimmings you could wish for: fluffy Yorkshire puddings, a variety of seasonal veggies and lashings of rich gravy. It's a feast fit for a king or queen, making any day feel like Sunday. So, why wait till the weekend? Find a Greene King carvery near you and tuck into a hearty roast any day of the week. ![7234_GK_Heritage_ProspectofWhitby_Wapping_0020.jpg](https://gkbr-p-001.sitecorecontenthub.cloud/api/public/content/3bcf903df41945bfab162c6f690dbd57?v=738badd0&t=s445) "
20260707095307,london-065-greystoke-london-england-html,Greystoke,65,https://www.greeneking.co.uk/pubs/greater-london/greystoke/menu,offer,"## Waterside pubs Looking for the perfect spot to relax by the water? Our Greene King waterside pubs are just the ticket, offering stunning views and a refreshing atmosphere, no matter where you are in the UK. Enjoy a crisp, cool drink at Liverpool's iconic Royal Albert Dock or soak up the historic charm of the Prospect of Whitby, London's oldest riverside tavern. Our range of waterside pubs spans the length and breadth of the country, from the rustic charm of countryside inns to the vibrant buz",,,2026-07-07T09:53:07.214Z,"## Waterside pubs Looking for the perfect spot to relax by the water? Our Greene King waterside pubs are just the ticket, offering stunning views and a refreshing atmosphere, no matter where you are in the UK. Enjoy a crisp, cool drink at Liverpool's iconic Royal Albert Dock or soak up the historic charm of the Prospect of Whitby, London's oldest riverside tavern. Our range of waterside pubs spans the length and breadth of the country, from the rustic charm of countryside inns to the vibrant buzz of city taverns perched along the river. Ready to find your slice of riverside tranquillity? Use our pub finder to discover the nearest Greene King pub with picturesque riverside views. ![6104_White-Barn_Cuddington_People_Lifestyle_Beer-Garden-Dining_2022_043.jpg](https://gkbr-p-001.sitecoreconten"
20260707095307,london-065-greystoke-london-england-html,Greystoke,65,https://www.greeneking.co.uk/pubs/greater-london/greystoke/menu,offer,"## Pubs with a beer garden Those rare T-shirt weather days in the UK are opportunities not to be missed and what could be better than spending such an occasion in a relaxed beer garden, ice cool IPA in hand and good company all around? No matter if it’s a laid-back weekend with the family, a leisurely lunch with friends or that well-deserved after-work drink, Greene King’s beer gardens offer the ideal backdrop. Across the UK, our pubs feature inviting outdoor spaces to drink, dine and soak up th",fri; sun; sun,,2026-07-07T09:53:07.214Z,"## Pubs with a beer garden Those rare T-shirt weather days in the UK are opportunities not to be missed and what could be better than spending such an occasion in a relaxed beer garden, ice cool IPA in hand and good company all around? No matter if it’s a laid-back weekend with the family, a leisurely lunch with friends or that well-deserved after-work drink, Greene King’s beer gardens offer the ideal backdrop. Across the UK, our pubs feature inviting outdoor spaces to drink, dine and soak up the sun in style. Keen to find your nearest sunny spot? Use our pub finder to discover your closest [Greene King pub with a beer garden](https://www.greeneking.co.uk/pubs-near-me/beer-garden). ![GK_Sport_People_Lifestyle_Sports-Fan-Celebrating_2023_003.jpg](https://gkbr-p-001.sitecorecontenthub.cloud/"
20260707095307,london-067-the-wigmore-london-england-html,The Wigmore,67,https://the-wigmore.co.uk/,offer,"## THE WIGMORE Taking inspiration from the great British public houses of the past, The Wigmore is a modern British pub with a luxury twist. Set in a former banking hall, it offers a warm, social space for drinking, dining, and gathering. The menu, overseen by Michel Roux, features hearty British dishes reimagined with a refined touch, paired with wines on tap, house punches, 'hoptails', cask ales, and craft beers. ![](https://lirp.cdn-website.com/a88eda36/dms3rep/multi/opt/tllon_wigmore_9_2023_",,,2026-07-07T09:53:07.214Z,"## THE WIGMORE Taking inspiration from the great British public houses of the past, The Wigmore is a modern British pub with a luxury twist. Set in a former banking hall, it offers a warm, social space for drinking, dining, and gathering. The menu, overseen by Michel Roux, features hearty British dishes reimagined with a refined touch, paired with wines on tap, house punches, 'hoptails', cask ales, and craft beers. ![](https://lirp.cdn-website.com/a88eda36/dms3rep/multi/opt/tllon_wigmore_9_2023_Medium-674h.webp) ![](https://lirp.cdn-website.com/a88eda36/dms3rep/multi/opt/The+Wigmore+-+exterior-792w.jpg)"
20260707095307,london-067-the-wigmore-london-england-html,The Wigmore,67,https://the-wigmore.co.uk/,offer,"![](https://lirp.cdn-website.com/a88eda36/dms3rep/multi/opt/TLLON_Wigmore_Sunday_Roast_Group_Shot_Proteins_4_2025-min-748w.jpg) The Wigmore offers versatile event spaces including a cosy lounge for intimate gatherings and a spacious main bar area for larger social events. For more private occasions, there's a refined dining room perfect for business meetings or special dinners. ## EVENT SPACES ![](https://lirp.cdn-website.com/a88eda36/dms3rep/multi/opt/TLLON_The_Wigmore_Main_Area_from_Entrance_M",,,2026-07-07T09:53:07.214Z,"![](https://lirp.cdn-website.com/a88eda36/dms3rep/multi/opt/TLLON_Wigmore_Sunday_Roast_Group_Shot_Proteins_4_2025-min-748w.jpg) The Wigmore offers versatile event spaces including a cosy lounge for intimate gatherings and a spacious main bar area for larger social events. For more private occasions, there's a refined dining room perfect for business meetings or special dinners. ## EVENT SPACES ![](https://lirp.cdn-website.com/a88eda36/dms3rep/multi/opt/TLLON_The_Wigmore_Main_Area_from_Entrance_Medium-1440w.webp)"
20260707095307,london-067-the-wigmore-london-england-html,The Wigmore,67,https://the-wigmore.co.uk/,offer,"### THE SNUG Guests will be able to enjoy the intimacy of the traditional ‘Snug’, complete with mohair sofas, silk cushions and loose rugs. Standing capacity for up to 20 guests, the Snug with built-in TV, separate music system and natural daylight, is the ideal space for unforgettable celebrations and events. [LEARN MORE](https://www.the-wigmore.co.uk/event-spaces#THESNUG) ![](https://lirp.cdn-website.com/a88eda36/dms3rep/multi/opt/The-Green-Room-1920w.jpg)",,,2026-07-07T09:53:07.214Z,"### THE SNUG Guests will be able to enjoy the intimacy of the traditional ‘Snug’, complete with mohair sofas, silk cushions and loose rugs. Standing capacity for up to 20 guests, the Snug with built-in TV, separate music system and natural daylight, is the ideal space for unforgettable celebrations and events. [LEARN MORE](https://www.the-wigmore.co.uk/event-spaces#THESNUG) ![](https://lirp.cdn-website.com/a88eda36/dms3rep/multi/opt/The-Green-Room-1920w.jpg)"
20260707095307,london-067-the-wigmore-london-england-html,The Wigmore,67,https://the-wigmore.co.uk/,offer,"### THE HATCH Our stunning outdoor terrace is the perfect space to host outdoor drinks and enjoy the stunning English summer. Styled with wide umbrellas, Wigmore barrels, and beautiful purple planters, The Hatch can accommodate up to 25 guests for a standing reception. We intend to promote The Hatch as long as weather permits. [LEARN MORE](https://www.the-wigmore.co.uk/event-spaces#THEHATCH) ## GIFT VOUCHERS",,,2026-07-07T09:53:07.214Z,"### THE HATCH Our stunning outdoor terrace is the perfect space to host outdoor drinks and enjoy the stunning English summer. Styled with wide umbrellas, Wigmore barrels, and beautiful purple planters, The Hatch can accommodate up to 25 guests for a standing reception. We intend to promote The Hatch as long as weather permits. [LEARN MORE](https://www.the-wigmore.co.uk/event-spaces#THEHATCH) ## GIFT VOUCHERS"
20260707095307,london-068-the-salisbury-pub-london-england-html,The Salisbury Pub,68,https://www.greeneking.co.uk/pubs/greater-london/salisbury/menu,mention,"£12.50 ### Spritz Cocktails (5) #### Lillet Rosé Spritz Light and refreshing with red berry and subtle floral notes,",,,2026-07-07T09:53:07.214Z,"£12.50 ### Spritz Cocktails (5) #### Lillet Rosé Spritz Light and refreshing with red berry and subtle floral notes,"
20260707095307,london-068-the-salisbury-pub-london-england-html,The Salisbury Pub,68,https://www.greeneking.co.uk/pubs/greater-london/salisbury/menu,mention,"### Spritz Cocktails (5) #### Lillet Rosé Spritz Light and refreshing with red berry and subtle floral notes, finishes crisp and aromatic",,,2026-07-07T09:53:07.214Z,"### Spritz Cocktails (5) #### Lillet Rosé Spritz Light and refreshing with red berry and subtle floral notes, finishes crisp and aromatic"
20260707095307,london-068-the-salisbury-pub-london-england-html,The Salisbury Pub,68,https://www.greeneking.co.uk/pubs/greater-london/salisbury/menu,mention,"£13.00 #### Aperol Spritz A classic serve of Aperol, prosecco, and soda £13.00",,,2026-07-07T09:53:07.214Z,"£13.00 #### Aperol Spritz A classic serve of Aperol, prosecco, and soda £13.00"
20260707095307,london-068-the-salisbury-pub-london-england-html,The Salisbury Pub,68,https://www.greeneking.co.uk/pubs/greater-london/salisbury/menu,mention,"£13.00 #### St Germain Hugo Spritz Fresh and floral St-Germain Elderflower Liqueur, prosecco and soda £13.00",,,2026-07-07T09:53:07.214Z,"£13.00 #### St Germain Hugo Spritz Fresh and floral St-Germain Elderflower Liqueur, prosecco and soda £13.00"
20260707095307,london-068-the-salisbury-pub-london-england-html,The Salisbury Pub,68,https://www.greeneking.co.uk/pubs/greater-london/salisbury/menu,mention,"£13.00 #### Limoncello Spritz Bright and zesty Isolabella Limoncello, prosecco and soda £13.00",,,2026-07-07T09:53:07.214Z,"£13.00 #### Limoncello Spritz Bright and zesty Isolabella Limoncello, prosecco and soda £13.00"
20260707095307,london-068-the-salisbury-pub-london-england-html,The Salisbury Pub,68,https://www.greeneking.co.uk/pubs/greater-london/salisbury/menu,mention,"£13.00 #### Sarti Passionfruit Spritz A vibrant spritz combining Sarti Rosa, prosecco, soda, and lime, with passionfruit, mango, and blood orange notes",,,2026-07-07T09:53:07.214Z,"£13.00 #### Sarti Passionfruit Spritz A vibrant spritz combining Sarti Rosa, prosecco, soda, and lime, with passionfruit, mango, and blood orange notes"
20260707095307,london-068-the-salisbury-pub-london-england-html,The Salisbury Pub,68,https://www.greeneking.co.uk/pubs/greater-london/salisbury/menu,mention,"#### Sarti Passionfruit Spritz A vibrant spritz combining Sarti Rosa, prosecco, soda, and lime, with passionfruit, mango, and blood orange notes £13.00",,,2026-07-07T09:53:07.214Z,"#### Sarti Passionfruit Spritz A vibrant spritz combining Sarti Rosa, prosecco, soda, and lime, with passionfruit, mango, and blood orange notes £13.00"
20260707095307,london-068-the-salisbury-pub-london-england-html,The Salisbury Pub,68,https://www.greeneking.co.uk/pubs/greater-london/salisbury/menu,mention,£11.00 #### Warner's 0% Pink Berry Spritz Warner’s 0% Pink Berry paired with Fever-Tree Raspberry & Orange Blossom Soda £11.00,,,2026-07-07T09:53:07.214Z,£11.00 #### Warner's 0% Pink Berry Spritz Warner’s 0% Pink Berry paired with Fever-Tree Raspberry & Orange Blossom Soda £11.00
20260707095307,london-069-the-hemingford-arms-london-england-html,The Hemingford Arms,69,http://www.hemingfordarms.com/menus,offer,- Family Friendly - Offers Functions - Sky Sports - TNT Sports,Fri,,2026-07-07T09:53:07.214Z,- Family Friendly - Offers Functions - Sky Sports - TNT Sports
20260707095307,london-071-good-godfrey-s-bar-and-lounge-london-england-html,Good Godfrey's Bar and Lounge,71,https://bit.ly/goodgodfreysmenu,mention,"Low and No Cocktails Orange Spritz £10.5 Italian orange water, non-alcoholic bubbles and soda water \| 125 kcal \*",,,2026-07-07T09:53:07.214Z,"Low and No Cocktails Orange Spritz £10.5 Italian orange water, non-alcoholic bubbles and soda water \| 125 kcal \*"
20260707095307,london-075-the-three-tuns-london-england-html,The Three Tuns,75,https://www.greeneking.co.uk/pubs/greater-london/three-tuns/menu,mention,"£12.50 ### Spritz Cocktails (5) #### Lillet Rosé Spritz Light and refreshing with red berry and subtle floral notes,",,,2026-07-07T09:53:07.214Z,"£12.50 ### Spritz Cocktails (5) #### Lillet Rosé Spritz Light and refreshing with red berry and subtle floral notes,"
20260707095307,london-075-the-three-tuns-london-england-html,The Three Tuns,75,https://www.greeneking.co.uk/pubs/greater-london/three-tuns/menu,mention,"### Spritz Cocktails (5) #### Lillet Rosé Spritz Light and refreshing with red berry and subtle floral notes, finishes crisp and aromatic",,,2026-07-07T09:53:07.214Z,"### Spritz Cocktails (5) #### Lillet Rosé Spritz Light and refreshing with red berry and subtle floral notes, finishes crisp and aromatic"
20260707095307,london-075-the-three-tuns-london-england-html,The Three Tuns,75,https://www.greeneking.co.uk/pubs/greater-london/three-tuns/menu,mention,"£13.00 #### Aperol Spritz A classic serve of Aperol, prosecco, and soda £13.00",,,2026-07-07T09:53:07.214Z,"£13.00 #### Aperol Spritz A classic serve of Aperol, prosecco, and soda £13.00"
20260707095307,london-075-the-three-tuns-london-england-html,The Three Tuns,75,https://www.greeneking.co.uk/pubs/greater-london/three-tuns/menu,mention,"£13.00 #### St Germain Hugo Spritz Fresh and floral St-Germain Elderflower Liqueur, prosecco and soda £13.00",,,2026-07-07T09:53:07.214Z,"£13.00 #### St Germain Hugo Spritz Fresh and floral St-Germain Elderflower Liqueur, prosecco and soda £13.00"
20260707095307,london-075-the-three-tuns-london-england-html,The Three Tuns,75,https://www.greeneking.co.uk/pubs/greater-london/three-tuns/menu,mention,"£13.00 #### Limoncello Spritz Bright and zesty Isolabella Limoncello, prosecco and soda £13.00",,,2026-07-07T09:53:07.214Z,"£13.00 #### Limoncello Spritz Bright and zesty Isolabella Limoncello, prosecco and soda £13.00"
20260707095307,london-075-the-three-tuns-london-england-html,The Three Tuns,75,https://www.greeneking.co.uk/pubs/greater-london/three-tuns/menu,mention,"£13.00 #### Sarti Passionfruit Spritz A vibrant spritz combining Sarti Rosa, prosecco, soda, and lime, with passionfruit, mango, and blood orange notes",,,2026-07-07T09:53:07.214Z,"£13.00 #### Sarti Passionfruit Spritz A vibrant spritz combining Sarti Rosa, prosecco, soda, and lime, with passionfruit, mango, and blood orange notes"
20260707095307,london-075-the-three-tuns-london-england-html,The Three Tuns,75,https://www.greeneking.co.uk/pubs/greater-london/three-tuns/menu,mention,"#### Sarti Passionfruit Spritz A vibrant spritz combining Sarti Rosa, prosecco, soda, and lime, with passionfruit, mango, and blood orange notes £13.00",,,2026-07-07T09:53:07.214Z,"#### Sarti Passionfruit Spritz A vibrant spritz combining Sarti Rosa, prosecco, soda, and lime, with passionfruit, mango, and blood orange notes £13.00"
20260707095307,london-075-the-three-tuns-london-england-html,The Three Tuns,75,https://www.greeneking.co.uk/pubs/greater-london/three-tuns/menu,mention,£11.00 #### Warner's 0% Pink Berry Spritz Warner’s 0% Pink Berry paired with Fever-Tree Raspberry & Orange Blossom Soda £11.00,,,2026-07-07T09:53:07.214Z,£11.00 #### Warner's 0% Pink Berry Spritz Warner’s 0% Pink Berry paired with Fever-Tree Raspberry & Orange Blossom Soda £11.00
20260707095307,london-079-mr-fogg-s-society-of-exploration-london-england-html,Mr Fogg's Society of Exploration,79,https://www.mr-foggs.com/menus/?location=society-of-exploration&menu_title=mr-foggs-society-of-exploration-culinary-expedition-2,offer,| Company \* | | Subscribe to our Newsletter and Promotional Emails. | | In order to submit your personal information you must agree to and accept the terms of<br>[Tripleseat's privacy policy.](https://www.tripleseat.com/privacy-policy/) | | ## Your Event Details |,,,2026-07-07T09:53:07.214Z,| Company \* | | Subscribe to our Newsletter and Promotional Emails. | | In order to submit your personal information you must agree to and accept the terms of<br>[Tripleseat's privacy policy.](https://www.tripleseat.com/privacy-policy/) | | ## Your Event Details |
20260707095307,london-084-the-starting-gate-london-england-html,The Starting Gate,84,https://www.thestartinggate.co.uk/menus/mainmenu?allergens=&excludeAllergenDishes=false,offer,- [Evening Set Menu](https://www.thestartinggate.co.uk/menus/set-menu) - [Burger Menu Offer](https://www.thestartinggate.co.uk/menus/burger-night) - [Buffet Menu](https://www.thestartinggate.co.uk/menus/buffet-menu) - [Drinks Menu](https://www.thestartinggate.co.uk/menus/drink),,,2026-07-07T09:53:07.214Z,- [Evening Set Menu](https://www.thestartinggate.co.uk/menus/set-menu) - [Burger Menu Offer](https://www.thestartinggate.co.uk/menus/burger-night) - [Buffet Menu](https://www.thestartinggate.co.uk/menus/buffet-menu) - [Drinks Menu](https://www.thestartinggate.co.uk/menus/drink)
20260707095307,london-084-the-starting-gate-london-england-html,The Starting Gate,84,https://www.thestartinggate.co.uk/menus/mainmenu?allergens=&excludeAllergenDishes=false,offer,- [What's On](https://www.thestartinggate.co.uk/whats-on) This website uses cookies. [Enable Cookies](https://www.thestartinggate.co.uk/menus/mainmenu?allergens=&excludeAllergenDishes=false#) Twitter Widget Iframe,,,2026-07-07T09:53:07.214Z,- [What's On](https://www.thestartinggate.co.uk/whats-on) This website uses cookies. [Enable Cookies](https://www.thestartinggate.co.uk/menus/mainmenu?allergens=&excludeAllergenDishes=false#) Twitter Widget Iframe
20260707095307,london-094-the-candlemaker-london-england-html,The Candlemaker,94,https://www.candlemakerpub.co.uk/food-drink,offer,"![](https://www.candlemakerpub.co.uk/youngs/uploads/sites/138/2025/03/094A0539-Edit.jpg) ALL DAY DINING Open from 8am, Monday to Friday, offering breakfast, lunch and evening sharers - we provide the very best of British dishes with a difference. BOOK A TABLE FOOD TO SHARE The perfect accompaniment to any occasion, our boards and sharers are made fresh to order with nothing but the best locally sourced, seasonal produce. Whether it's a cheeky after work tipple or a corporate event we've got your",Monday; Friday,,2026-07-07T09:53:07.214Z,"![](https://www.candlemakerpub.co.uk/youngs/uploads/sites/138/2025/03/094A0539-Edit.jpg) ALL DAY DINING Open from 8am, Monday to Friday, offering breakfast, lunch and evening sharers - we provide the very best of British dishes with a difference. BOOK A TABLE FOOD TO SHARE The perfect accompaniment to any occasion, our boards and sharers are made fresh to order with nothing but the best locally sourced, seasonal produce. Whether it's a cheeky after work tipple or a corporate event we've got your special occasion covered. BOOK YOUR NEXT EVENT"
20260707095307,london-094-the-candlemaker-london-england-html,The Candlemaker,94,https://www.candlemakerpub.co.uk/food-drink,offer,"BOOK YOUR NEXT EVENT Spritz and Sips Sip your way through summer with our irresistible spritz selection. From a sparkling Marg to a refreshing Raspberry Honeybee, there’s something for every taste. # Food & Drink Our menus are packed with the freshest and the finest British ingredients. We offer weekday breakfasts, lunch and evening-sharing foods all in a relaxed and exciting setting.",,,2026-07-07T09:53:07.214Z,"BOOK YOUR NEXT EVENT Spritz and Sips Sip your way through summer with our irresistible spritz selection. From a sparkling Marg to a refreshing Raspberry Honeybee, there’s something for every taste. # Food & Drink Our menus are packed with the freshest and the finest British ingredients. We offer weekday breakfasts, lunch and evening-sharing foods all in a relaxed and exciting setting."
20260707095307,london-094-the-candlemaker-london-england-html,The Candlemaker,94,https://www.candlemakerpub.co.uk/food-drink,offer,"# Food & Drink Our menus are packed with the freshest and the finest British ingredients. We offer weekday breakfasts, lunch and evening-sharing foods all in a relaxed and exciting setting. Here at the Candlemaker, you will be sure to find something you will love on our menus. [Party Menu](https://my.propcom.co.uk/data/media/pdf/FUNCTION%20MENU%20%281%29.pdf)",,,2026-07-07T09:53:07.214Z,"# Food & Drink Our menus are packed with the freshest and the finest British ingredients. We offer weekday breakfasts, lunch and evening-sharing foods all in a relaxed and exciting setting. Here at the Candlemaker, you will be sure to find something you will love on our menus. [Party Menu](https://my.propcom.co.uk/data/media/pdf/FUNCTION%20MENU%20%281%29.pdf)"
20260707095307,london-094-the-candlemaker-london-england-html,The Candlemaker,94,https://www.candlemakerpub.co.uk/food-drink,mention,[Low & No Alcohol Drinks Menu](https://www.candlemakerpub.co.uk/food-drink/low-no-alcohol-drinks-menu) [Spritz Menu](https://my.propcom.co.uk/data/media/pdf/Candlemaker%20Spritz.pdf) [Lunch Menu](https://my.propcom.co.uk/data/media/pdf/18.5.26%20Lunch.pdf) [Breakfast Menu](https://my.propcom.co.uk/data/media/pdf/Spring%20Breakfast.pdf),,,2026-07-07T09:53:07.214Z,[Low & No Alcohol Drinks Menu](https://www.candlemakerpub.co.uk/food-drink/low-no-alcohol-drinks-menu) [Spritz Menu](https://my.propcom.co.uk/data/media/pdf/Candlemaker%20Spritz.pdf) [Lunch Menu](https://my.propcom.co.uk/data/media/pdf/18.5.26%20Lunch.pdf) [Breakfast Menu](https://my.propcom.co.uk/data/media/pdf/Spring%20Breakfast.pdf)
20260707095307,london-094-the-candlemaker-london-england-html,The Candlemaker,94,https://www.candlemakerpub.co.uk/food-drink,mention,"[Wine Menu](https://my.propcom.co.uk/data/media/pdf/Large%20K%20%284%29.pdf) ## **Summer Spritz have arrived…** Get ready to sip your way through summer with our irresistible spritz selection. From a sparkling Marg to a refreshing Raspberry Honeybee, there’s something for every taste. You’ll be spoilt for choice when exploring our spritz menu. ## **No & Low Alcohol Available**",,,2026-07-07T09:53:07.214Z,"[Wine Menu](https://my.propcom.co.uk/data/media/pdf/Large%20K%20%284%29.pdf) ## **Summer Spritz have arrived…** Get ready to sip your way through summer with our irresistible spritz selection. From a sparkling Marg to a refreshing Raspberry Honeybee, there’s something for every taste. You’ll be spoilt for choice when exploring our spritz menu. ## **No & Low Alcohol Available**"
20260707095307,london-094-the-candlemaker-london-england-html,The Candlemaker,94,https://www.candlemakerpub.co.uk/food-drink,mention,"## **Summer Spritz have arrived…** Get ready to sip your way through summer with our irresistible spritz selection. From a sparkling Marg to a refreshing Raspberry Honeybee, there’s something for every taste. You’ll be spoilt for choice when exploring our spritz menu. ## **No & Low Alcohol Available** Great taste doesn’t have to come with the alcohol. From classic beers to beautifully crafted cocktails, our drinks menu is designed so everyone can join in. Discover a tempting range of low and no-",,,2026-07-07T09:53:07.214Z,"## **Summer Spritz have arrived…** Get ready to sip your way through summer with our irresistible spritz selection. From a sparkling Marg to a refreshing Raspberry Honeybee, there’s something for every taste. You’ll be spoilt for choice when exploring our spritz menu. ## **No & Low Alcohol Available** Great taste doesn’t have to come with the alcohol. From classic beers to beautifully crafted cocktails, our drinks menu is designed so everyone can join in. Discover a tempting range of low and no-alcohol options that deliver full flavour, balance, and refreshment – perfect whether you’re pacing yourself, going alcohol-free, or simply trying something new."
