pub_id,pub_name,area,history_query,source_title,source_url,source_description,source_position,observed_at,kg_subject,kg_predicate,kg_object,confidence,notes
london-001-golden-fleece-london-england-html,Golden Fleece,,"""Golden Fleece"" London pub history",". The Golden Fleece 166 Capel Rd, London E12 5DB Manor Park ...",https://www.instagram.com/p/DRX3e0gDP4S/,". The Golden Fleece 166 Capel Rd, London E12 5DB Manor Park ... A North London pub stapled in local history with multiple award winning pub ...",1,2026-07-07T11:05:16.400Z,pub:london-001-golden-fleece-london-england-html,has_history_source,https://www.instagram.com/p/DRX3e0gDP4S/,medium,"Seed source for later human/agent extraction into structured founding date, building era, notable people, and heritage facts."
london-001-golden-fleece-london-england-html,Golden Fleece,,"""Golden Fleece"" London pub history",When was the Fleece pub rebuilt in its current form? - Facebook,https://www.facebook.com/groups/695334193997569/posts/2086920298172278/,"The new Golden Fleece Hotel, as it was named, was built following the creation of Granby Street during the 1890s, together with the laying out of Queen's Park ...",2,2026-07-07T11:05:16.400Z,pub:london-001-golden-fleece-london-england-html,has_history_source,https://www.facebook.com/groups/695334193997569/posts/2086920298172278/,medium,"Seed source for later human/agent extraction into structured founding date, building era, notable people, and heritage facts."
london-002-florattica-rooftop-bar-london-london-england-html,Florattica Rooftop Bar London,,"""Florattica Rooftop Bar London"" London pub history","FLORATTICA ROOFTOP BAR LONDON - Menu, Prices ... - Tripadvisor",https://www.tripadvisor.com/Restaurant_Review-g186338-d25151198-Reviews-Florattica_Rooftop_Bar_London-London_England.html,"Florattica Rooftop Bar London impresses many travelers with its beautiful decor and stunning views, creating a relaxed yet stylish atmosphere.",1,2026-07-07T11:05:16.400Z,pub:london-002-florattica-rooftop-bar-london-london-england-html,has_history_source,https://www.tripadvisor.com/Restaurant_Review-g186338-d25151198-Reviews-Florattica_Rooftop_Bar_London-London_England.html,medium,"Seed source for later human/agent extraction into structured founding date, building era, notable people, and heritage facts."
london-002-florattica-rooftop-bar-london-london-england-html,Florattica Rooftop Bar London,,"""Florattica Rooftop Bar London"" London pub history",Florattica bar in full bloom this Spring - Instagram,https://www.instagram.com/p/DIdw83JodxA/,"... London's leading female bartenders reimagine cocktail history through a contemporary lens. ... florattica rooftop bar, london FLORATTICA ...",2,2026-07-07T11:05:16.400Z,pub:london-002-florattica-rooftop-bar-london-london-england-html,has_history_source,https://www.instagram.com/p/DIdw83JodxA/,medium,"Seed source for later human/agent extraction into structured founding date, building era, notable people, and heritage facts."
london-003-anchor-bankside-london-england-html,Anchor Bankside,Bankside,"""Anchor Bankside"" Bankside pub history","The Anchor, Bankside | Where London's history happened - in the pub",https://londonspubswherehistoryreallyhappened.wordpress.com/2017/07/13/the-anchor/,"The Anchor, Bankside · The hook. The Anchor has a prominent position on Bankside as you emerge from Borough Market via Clink Street. · The history.",1,2026-07-07T11:05:16.400Z,pub:london-003-anchor-bankside-london-england-html,has_history_source,https://londonspubswherehistoryreallyhappened.wordpress.com/2017/07/13/the-anchor/,medium,"Seed source for later human/agent extraction into structured founding date, building era, notable people, and heritage facts."
london-003-anchor-bankside-london-england-html,Anchor Bankside,Bankside,"""Anchor Bankside"" Bankside pub history","Historic Southwark and the Anchor, Bankside ⚓️   - YouTube",https://www.youtube.com/watch?v=27xxj_RZxQ4,"Join us as we briefly embark upon the history of the Anchor pub and how the many ... Historic Southwark and the Anchor, Bankside ⚓️ . 957 views · 1 ...",2,2026-07-07T11:05:16.400Z,pub:london-003-anchor-bankside-london-england-html,has_history_source,https://www.youtube.com/watch?v=27xxj_RZxQ4,medium,"Seed source for later human/agent extraction into structured founding date, building era, notable people, and heritage facts."
london-004-the-goat-tavern-london-england-html,The Goat Tavern,Mayfair,"""The Goat Tavern"" Mayfair pub history","The Goat Tavern, Stafford Street - A London Inheritance",https://alondoninheritance.com/londonpubs/goat-tavern-stafford-street/,"The Goat Tavern dates from this original development as the first public house on the site dates from 1686, but I cannot find any references as ...",1,2026-07-07T11:05:16.400Z,pub:london-004-the-goat-tavern-london-england-html,has_history_source,https://alondoninheritance.com/londonpubs/goat-tavern-stafford-street/,medium,"Seed source for later human/agent extraction into structured founding date, building era, notable people, and heritage facts."
london-004-the-goat-tavern-london-england-html,The Goat Tavern,Mayfair,"""The Goat Tavern"" Mayfair pub history","THE GOAT TAVERN, London - Menu, Prices & Restaurant Reviews",https://www.tripadvisor.com/Restaurant_Review-g186338-d8802890-Reviews-The_Goat_Tavern-London_England.html,Join us at the Goat Tavern in London's Mayfair. Built in 1666 this pub is rich in history and provides you with a cosy spot to escape the ...,2,2026-07-07T11:05:16.400Z,pub:london-004-the-goat-tavern-london-england-html,has_history_source,https://www.tripadvisor.com/Restaurant_Review-g186338-d8802890-Reviews-The_Goat_Tavern-London_England.html,medium,"Seed source for later human/agent extraction into structured founding date, building era, notable people, and heritage facts."
london-005-cahoots-underground-london-england-html,Cahoots Underground,,"""Cahoots Underground"" London pub history",The Story of Cahoots – A 1940s London Bar & Pub,https://www.cahoots.co.uk/the-story/,"Uncover the story of all Cahoots venues, London's 1940s-themed bars and pubs ... Cahoots Underground. Location. Event Type, Experiences, Live Music, Pride Month ...",1,2026-07-07T11:05:16.400Z,pub:london-005-cahoots-underground-london-england-html,has_history_source,https://www.cahoots.co.uk/the-story/,medium,"Seed source for later human/agent extraction into structured founding date, building era, notable people, and heritage facts."
london-005-cahoots-underground-london-england-html,Cahoots Underground,,"""Cahoots Underground"" London pub history",It's Prohibition Remembrance Day and here's a shot of a “speakeasy ...,https://www.facebook.com/DestinationBrevard/posts/its-prohibition-remembrance-day-and-heres-a-shot-of-a-speakeasy-my-son-and-i-wen/1347260767442141/,... London. @Cahoots Underground is a 1940's themed bar not far from Regent Street and it's probably the most appropriately themed speakeasy ...,2,2026-07-07T11:05:16.400Z,pub:london-005-cahoots-underground-london-england-html,has_history_source,https://www.facebook.com/DestinationBrevard/posts/its-prohibition-remembrance-day-and-heres-a-shot-of-a-speakeasy-my-son-and-i-wen/1347260767442141/,medium,"Seed source for later human/agent extraction into structured founding date, building era, notable people, and heritage facts."
london-006-savage-garden-london-england-html,Savage Garden,,"""Savage Garden"" London pub history",Savage Gardens - Wikipedia,https://en.wikipedia.org/wiki/Savage_Gardens,"For the Australian pop rock band of a similar name, see Savage Garden. Savage Gardens is a minor street in the City of London, connecting Crutched Friars in the ...",1,2026-07-07T11:05:16.400Z,pub:london-006-savage-garden-london-england-html,has_history_source,https://en.wikipedia.org/wiki/Savage_Gardens,medium,"Seed source for later human/agent extraction into structured founding date, building era, notable people, and heritage facts."
london-006-savage-garden-london-england-html,Savage Garden,,"""Savage Garden"" London pub history",City Rooftop Bar Located by Tower of London - Savage Garden,https://www.savagegarden.co.uk/contact/,"Showcasing spectacular views, Savage Garden is situated on the 12th floor of the DoubleTree by Hilton – Tower of London hotel.",2,2026-07-07T11:05:16.400Z,pub:london-006-savage-garden-london-england-html,has_history_source,https://www.savagegarden.co.uk/contact/,medium,"Seed source for later human/agent extraction into structured founding date, building era, notable people, and heritage facts."
london-007-masons-arms-london-england-html,Masons Arms,,"""Masons Arms"" London pub history",I loved this pub. The Masons Arms on East Street. I liked going on ...,https://www.facebook.com/groups/6143110432467287/posts/8847894391988864/,"The Masons arms, St. Mary's Street about 15 years ago. Favourite pub of mine, Gales Ales, always ended up there on Christmas Eve. A group of us ...",1,2026-07-07T11:05:16.400Z,pub:london-007-masons-arms-london-england-html,has_history_source,https://www.facebook.com/groups/6143110432467287/posts/8847894391988864/,medium,"Seed source for later human/agent extraction into structured founding date, building era, notable people, and heritage facts."
london-007-masons-arms-london-england-html,Masons Arms,,"""Masons Arms"" London pub history","MASONS ARMS, London - Menu, Prices & Restaurant Reviews",https://www.tripadvisor.com/Restaurant_Review-g186338-d14963496-Reviews-Masons_Arms-London_England.html,"The Masons Arms is a London pub in the heart of Mayfair. With a Tudor-inspired traditional interior, this unique pub blends beauty with comfort, acting as a ...",2,2026-07-07T11:05:16.400Z,pub:london-007-masons-arms-london-england-html,has_history_source,https://www.tripadvisor.com/Restaurant_Review-g186338-d14963496-Reviews-Masons_Arms-London_England.html,medium,"Seed source for later human/agent extraction into structured founding date, building era, notable people, and heritage facts."
london-008-the-stanhope-arms-london-england-html,The Stanhope Arms,,"""The Stanhope Arms"" London pub history","The Stanhope Arms Pub Restaurant in Kensington, - Greene King",https://www.greeneking.co.uk/pubs/greater-london/stanhope-arms,The Stanhope Arms in Kensington was built in the 19th century and retains its original high ceilings and London Victorian heritage. We serve classic British ...,1,2026-07-07T11:05:16.400Z,pub:london-008-the-stanhope-arms-london-england-html,has_history_source,https://www.greeneking.co.uk/pubs/greater-london/stanhope-arms,medium,"Seed source for later human/agent extraction into structured founding date, building era, notable people, and heritage facts."
london-008-the-stanhope-arms-london-england-html,The Stanhope Arms,,"""The Stanhope Arms"" London pub history","The Stanhope Arms, Gloucester Road, South Kensington - Facebook",https://www.facebook.com/groups/mylondonpubs/posts/213464007499816/,The Stanhope arms. Rodley I believe that this was originally The Station Masters house. Later became Paris restaurant. No photo description ...,2,2026-07-07T11:05:16.400Z,pub:london-008-the-stanhope-arms-london-england-html,has_history_source,https://www.facebook.com/groups/mylondonpubs/posts/213464007499816/,medium,"Seed source for later human/agent extraction into structured founding date, building era, notable people, and heritage facts."
london-009-the-victoria-paddington-london-england-html,"The Victoria, Paddington",Paddington,"""The Victoria, Paddington"" Paddington pub history","The Victoria, Paddington | London - Facebook",https://www.facebook.com/TheVictoriaPaddington/,"The Victoria. Paddington. Great pub, beautiful interior. And by modern standards, not outrageous prices!",1,2026-07-07T11:05:16.400Z,pub:london-009-the-victoria-paddington-london-england-html,has_history_source,https://www.facebook.com/TheVictoriaPaddington/,medium,"Seed source for later human/agent extraction into structured founding date, building era, notable people, and heritage facts."
london-009-the-victoria-paddington-london-england-html,"The Victoria, Paddington",Paddington,"""The Victoria, Paddington"" Paddington pub history","The Victoria, Paddington - London Restaurants - Tripadvisor",https://www.tripadvisor.com/Restaurant_Review-g186338-d3208695-Reviews-The_Victoria_Paddington-London_England.html,"The Victoria, Paddington, is popular with many travelers for its cozy, old-school English pub atmosphere, complete with inviting woodwork and warm corners.",2,2026-07-07T11:05:16.400Z,pub:london-009-the-victoria-paddington-london-england-html,has_history_source,https://www.tripadvisor.com/Restaurant_Review-g186338-d3208695-Reviews-The_Victoria_Paddington-London_England.html,medium,"Seed source for later human/agent extraction into structured founding date, building era, notable people, and heritage facts."
london-010-sherlock-holmes-london-england-html,Sherlock Holmes,,"""Sherlock Holmes"" London pub history",The Sherlock Holmes - Wikipedia,https://en.wikipedia.org/wiki/The_Sherlock_Holmes,The Sherlock Holmes is a Victorian-themed public house in Northumberland Street near Charing Cross railway station and Trafalgar Square,1,2026-07-07T11:05:16.400Z,pub:london-010-sherlock-holmes-london-england-html,has_history_source,https://en.wikipedia.org/wiki/The_Sherlock_Holmes,medium,"Seed source for later human/agent extraction into structured founding date, building era, notable people, and heritage facts."
london-010-sherlock-holmes-london-england-html,Sherlock Holmes,,"""Sherlock Holmes"" London pub history",The Sherlock Holmes Pub - Visit London,https://www.visitlondon.com/things-to-do/place/48927-sherlock-holmes-pub,"Step into the Sherlock Holmes pub near Trafalgar Square and discover a slice of history, combining the real and the fictional. The Victorian-style interior ...",2,2026-07-07T11:05:16.400Z,pub:london-010-sherlock-holmes-london-england-html,has_history_source,https://www.visitlondon.com/things-to-do/place/48927-sherlock-holmes-pub,medium,"Seed source for later human/agent extraction into structured founding date, building era, notable people, and heritage facts."
london-011-swan-london-england-html,Swan,,"""Swan"" London pub history",Our Story - Swan London Bar & Restaurant,https://swanlondon.co.uk/about/our-story/,"Since our modest beginnings in 2007 Swan London Bar & Restaurant development has been enlivened with the energy to cook and serve solid, seasonal, ...",1,2026-07-07T11:05:16.400Z,pub:london-011-swan-london-england-html,has_history_source,https://swanlondon.co.uk/about/our-story/,medium,"Seed source for later human/agent extraction into structured founding date, building era, notable people, and heritage facts."
london-011-swan-london-england-html,Swan,,"""Swan"" London pub history",The Swan historic Bayswater London pub - Casa Bouquet,https://casabouquet.com/the-swan-historic-bayswater-london-pub/,"The Swan's first license dates from 1721, but many believe this location was a tavern long before this. The Marble Arch down the road at the ...",2,2026-07-07T11:05:16.400Z,pub:london-011-swan-london-england-html,has_history_source,https://casabouquet.com/the-swan-historic-bayswater-london-pub/,medium,"Seed source for later human/agent extraction into structured founding date, building era, notable people, and heritage facts."
london-012-chesterfield-arms-london-england-html,Chesterfield Arms,,"""Chesterfield Arms"" London pub history",The Chesterfield Arms Mayfair | Classic British Pub in Mayfair,https://www.thechesterfieldarms.com/,The Chesterfield Arms is steeped in history and will combine the best of British cuisine and hospitality. View Menus. The Diners' Choice logo. Book a Table ...,1,2026-07-07T11:05:16.400Z,pub:london-012-chesterfield-arms-london-england-html,has_history_source,https://www.thechesterfieldarms.com/,medium,"Seed source for later human/agent extraction into structured founding date, building era, notable people, and heritage facts."
london-012-chesterfield-arms-london-england-html,Chesterfield Arms,,"""Chesterfield Arms"" London pub history","CHESTERFIELD ARMS, London - Menu, Prices & Restaurant Reviews",https://www.tripadvisor.com/Restaurant_Review-g186338-d1755452-Reviews-Chesterfield_Arms-London_England.html,"Tucked away in the heart of Mayfair, The Chesterfield Arms is a refined yet relaxed pub offering classic charm and a warm welcome.",2,2026-07-07T11:05:16.400Z,pub:london-012-chesterfield-arms-london-england-html,has_history_source,https://www.tripadvisor.com/Restaurant_Review-g186338-d1755452-Reviews-Chesterfield_Arms-London_England.html,medium,"Seed source for later human/agent extraction into structured founding date, building era, notable people, and heritage facts."
london-013-the-churchill-arms-kensington-london-england-html,"The Churchill Arms, Kensington",Kensington,"""The Churchill Arms, Kensington"" Kensington pub history",The Churchill Arms Pub in Kensington Church St Review - Facebook,https://www.facebook.com/groups/mylondonpubs/posts/935511551961721/,"Built in 1750, one of the older and more historic pubs, 'The Churchill Arms', Kensington, London, England. Winston Churchill's grandparents were ...",1,2026-07-07T11:05:16.400Z,pub:london-013-the-churchill-arms-kensington-london-england-html,has_history_source,https://www.facebook.com/groups/mylondonpubs/posts/935511551961721/,medium,"Seed source for later human/agent extraction into structured founding date, building era, notable people, and heritage facts."
london-013-the-churchill-arms-kensington-london-england-html,"The Churchill Arms, Kensington",Kensington,"""The Churchill Arms, Kensington"" Kensington pub history",The Churchill Arms - Fuller's Pub and Restaurant in London,https://www.churchillarmskensington.co.uk/,"Historic pub; Dog Friendly; Free Carpark; Paid Parking Nearby ... Find us. Find Us. The Churchill Arms, Kensington, 119 Kensington Church Street, London, W8 7LN.",2,2026-07-07T11:05:16.400Z,pub:london-013-the-churchill-arms-kensington-london-england-html,has_history_source,https://www.churchillarmskensington.co.uk/,medium,"Seed source for later human/agent extraction into structured founding date, building era, notable people, and heritage facts."
london-014-the-lamb-flag-london-england-html,The Lamb & Flag,,"""The Lamb & Flag"" London pub history","The Lamb And Flag, Rose Street - A London Inheritance",https://alondoninheritance.com/londonpubs/the-lamb-and-flag-rose-street/,although I remember it well from when I started frequenting the Lamb & Flag over 45 years ago: the pub was a welcome watering-hole for us media ...,1,2026-07-07T11:05:16.400Z,pub:london-014-the-lamb-flag-london-england-html,has_history_source,https://alondoninheritance.com/londonpubs/the-lamb-and-flag-rose-street/,medium,"Seed source for later human/agent extraction into structured founding date, building era, notable people, and heritage facts."
london-014-the-lamb-flag-london-england-html,The Lamb & Flag,,"""The Lamb & Flag"" London pub history","Lamb and Flag, Covent Garden - Wikipedia","https://en.wikipedia.org/wiki/Lamb_and_Flag,_Covent_Garden","... pub a maximum three-star rating as a Real Heritage Pub. The pub was ... ""Fuller's buys the Lamb & Flag in Covent Garden"". The Caterer. Retrieved 20 ...",2,2026-07-07T11:05:16.400Z,pub:london-014-the-lamb-flag-london-england-html,has_history_source,"https://en.wikipedia.org/wiki/Lamb_and_Flag,_Covent_Garden",medium,"Seed source for later human/agent extraction into structured founding date, building era, notable people, and heritage facts."
london-015-bulls-head-london-england-html,Bulls Head,,"""Bulls Head"" London pub history","Bull's Head Barnes - Local Young's pub in Barnes, SW London",https://www.thebullsheadbarnes.com/,"Steeped in rich, music-filled history, it blends timeless charm with effortless style. ... The Bulls Head ,; 373 Lonsdale Road ,; Barnes,; SW13 9PY. 020 8876 5241",1,2026-07-07T11:05:16.400Z,pub:london-015-bulls-head-london-england-html,has_history_source,https://www.thebullsheadbarnes.com/,medium,"Seed source for later human/agent extraction into structured founding date, building era, notable people, and heritage facts."
london-015-bulls-head-london-england-html,Bulls Head,,"""Bulls Head"" London pub history","Bull's Head, Chiswick | Londonist",https://londonist.com/london/pubs/bull-s-head,"The sunken dining area keeps the historic feel, but spruces things up with some modern banquettes. Inside the Bulls Head Chiswick Ye olde internal window. In ...",2,2026-07-07T11:05:16.400Z,pub:london-015-bulls-head-london-england-html,has_history_source,https://londonist.com/london/pubs/bull-s-head,medium,"Seed source for later human/agent extraction into structured founding date, building era, notable people, and heritage facts."
london-016-the-phoenix-london-england-html,The Phoenix,,"""The Phoenix"" London pub history","THE PHOENIX, London - Restaurant Reviews & Phone Number",https://www.tripadvisor.com/Restaurant_Review-g186338-d2700557-Reviews-The_Phoenix-London_England.html,"The Phoenix, London: See 198 unbiased reviews of The Phoenix, rated 4.3 of 5 on Tripadvisor and ranked #2710 of 20489 restaurants in London.",1,2026-07-07T11:05:16.400Z,pub:london-016-the-phoenix-london-england-html,has_history_source,https://www.tripadvisor.com/Restaurant_Review-g186338-d2700557-Reviews-The_Phoenix-London_England.html,medium,"Seed source for later human/agent extraction into structured founding date, building era, notable people, and heritage facts."
london-016-the-phoenix-london-england-html,The Phoenix,,"""The Phoenix"" London pub history",The Phoenix pub in North End Portsmouth - Facebook,https://www.facebook.com/groups/1429837203969076/posts/3905468529739252/,It was renamed as the Phoenix in 1906 so within a decade had gone from the Old Grey Horse in Cow Lane to the Phoenix Tavern in Swan Street. It ...,2,2026-07-07T11:05:16.400Z,pub:london-016-the-phoenix-london-england-html,has_history_source,https://www.facebook.com/groups/1429837203969076/posts/3905468529739252/,medium,"Seed source for later human/agent extraction into structured founding date, building era, notable people, and heritage facts."
london-017-sabine-rooftop-bar-london-england-html,Sabine Rooftop Bar,,"""Sabine Rooftop Bar"" London pub history",Sabine Rooftop Bar - London Restaurants - Tripadvisor,https://www.tripadvisor.com/Restaurant_Review-g186338-d23430259-Reviews-or45-Sabine_Rooftop_Bar-London_England.html,"Sabine Rooftop Bar is celebrated by many travelers for its attentive and warm service, though some mention occasional lapses. The vibrant atmosphere, with ...",1,2026-07-07T11:05:16.400Z,pub:london-017-sabine-rooftop-bar-london-england-html,has_history_source,https://www.tripadvisor.com/Restaurant_Review-g186338-d23430259-Reviews-or45-Sabine_Rooftop_Bar-London_England.html,medium,"Seed source for later human/agent extraction into structured founding date, building era, notable people, and heritage facts."
london-017-sabine-rooftop-bar-london-england-html,Sabine Rooftop Bar,,"""Sabine Rooftop Bar"" London pub history",Sabine - OneCity - Things to do in the City of London,https://onecitylondon.com/directory/sabine/,"Sabine Rooftop Bar, located next to the renowned St. Paul's Cathedral in the heart of London's City, offers a unique experience.",2,2026-07-07T11:05:16.400Z,pub:london-017-sabine-rooftop-bar-london-england-html,has_history_source,https://onecitylondon.com/directory/sabine/,medium,"Seed source for later human/agent extraction into structured founding date, building era, notable people, and heritage facts."
london-018-kings-head-london-england-html,Kings Head,,"""Kings Head"" London pub history",Our History – The Kings Head Galway,https://thekingshead.ie/pages/our-history,The Kings Head is a true piece of living history. The building itself dates back over 800 years to the 13th century.,1,2026-07-07T11:05:16.400Z,pub:london-018-kings-head-london-england-html,has_history_source,https://thekingshead.ie/pages/our-history,medium,"Seed source for later human/agent extraction into structured founding date, building era, notable people, and heritage facts."
london-018-kings-head-london-england-html,Kings Head,,"""Kings Head"" London pub history","The Kings Head 10 Stafford St, London W1S 4RX The ... - Facebook",https://www.facebook.com/londonpubmap/posts/the-kings-head10-stafford-st-london-w1s-4rxthe-kings-head-is-located-on-a-corner/875013098744336/,"First we popped into the Kings Head, corner of Stafford Street and Albemarle St, Mayfair. It's a Nicholson pub and therefore has been renovated ...",2,2026-07-07T11:05:16.400Z,pub:london-018-kings-head-london-england-html,has_history_source,https://www.facebook.com/londonpubmap/posts/the-kings-head10-stafford-st-london-w1s-4rxthe-kings-head-is-located-on-a-corner/875013098744336/,medium,"Seed source for later human/agent extraction into structured founding date, building era, notable people, and heritage facts."
london-019-prospect-of-whitby-london-england-html,Prospect Of Whitby,,"""Prospect Of Whitby"" London pub history",Prospect of Whitby - Wikipedia,https://en.wikipedia.org/wiki/Prospect_of_Whitby,"It lays claim to being on the site of the oldest riverside tavern, dating from around 1520. Prospect of Whitby. A historic riverside pub with multiple stories, ...",1,2026-07-07T11:05:16.400Z,pub:london-019-prospect-of-whitby-london-england-html,has_history_source,https://en.wikipedia.org/wiki/Prospect_of_Whitby,medium,"Seed source for later human/agent extraction into structured founding date, building era, notable people, and heritage facts."
london-019-prospect-of-whitby-london-england-html,Prospect Of Whitby,,"""Prospect Of Whitby"" London pub history",The Prospect of Whitby - History and Facts,https://www.historyhit.com/locations/the-prospect-of-whitby/,"Located on the banks of the Thames in the London Borough of Tower Hamlets, The Prospect of Whitby boasts a pedigree which stretches back to ...",2,2026-07-07T11:05:16.400Z,pub:london-019-prospect-of-whitby-london-england-html,has_history_source,https://www.historyhit.com/locations/the-prospect-of-whitby/,medium,"Seed source for later human/agent extraction into structured founding date, building era, notable people, and heritage facts."
london-020-kings-arms-london-england-html,Kings Arms,Greenwich,"""Kings Arms"" Greenwich pub history",Why Was This Greenwich Pub Known As 'The Bunker'?,https://livinglondonhistory.com/why-was-this-greenwich-pub-known-as-the-bunker/,'The Bunker'. kings arms greenwich. From the 1930s-1970s the King's Arms was locally known as 'the Bunker ...,1,2026-07-07T11:05:16.400Z,pub:london-020-kings-arms-london-england-html,has_history_source,https://livinglondonhistory.com/why-was-this-greenwich-pub-known-as-the-bunker/,medium,"Seed source for later human/agent extraction into structured founding date, building era, notable people, and heritage facts."
london-020-kings-arms-london-england-html,Kings Arms,Greenwich,"""Kings Arms"" Greenwich pub history",Discovering a possible family connection to the Kings Arms pub in ...,https://www.facebook.com/groups/6143110432467287/posts/8520931398018500/,"The Kings Arms was situated at 230 Mile End Road. This pub was present by 1830, at which time it included a 'large concert hall' and sold cider.",2,2026-07-07T11:05:16.400Z,pub:london-020-kings-arms-london-england-html,has_history_source,https://www.facebook.com/groups/6143110432467287/posts/8520931398018500/,medium,"Seed source for later human/agent extraction into structured founding date, building era, notable people, and heritage facts."
london-021-the-ship-tavern-london-england-html,The Ship Tavern,,"""The Ship Tavern"" London pub history","* the fascinating ""Ship Tavern""-Holborn London WC2 - London Shoes",https://www.londonshoes.blog/2024/06/10/the-fascinating-ship-tavern-holborn-london-wc2/,It is believed that the Ship Tavern was initially opened as a 'watering hole' for farm labourers working in nearby 'Lincolns Inn Fields' – which ...,1,2026-07-07T11:05:16.400Z,pub:london-021-the-ship-tavern-london-england-html,has_history_source,https://www.londonshoes.blog/2024/06/10/the-fascinating-ship-tavern-holborn-london-wc2/,medium,"Seed source for later human/agent extraction into structured founding date, building era, notable people, and heritage facts."
london-021-the-ship-tavern-london-england-html,The Ship Tavern,,"""The Ship Tavern"" London pub history","Ship Tavern, Holborn - Wikipedia","https://en.wikipedia.org/wiki/Ship_Tavern,_Holborn","The Ship Tavern is an inn at the western corner of Lincoln's Inn Fields, at the corner of Gate Street and the Little Turnstile in London. Established in ...",2,2026-07-07T11:05:16.400Z,pub:london-021-the-ship-tavern-london-england-html,has_history_source,"https://en.wikipedia.org/wiki/Ship_Tavern,_Holborn",medium,"Seed source for later human/agent extraction into structured founding date, building era, notable people, and heritage facts."
london-022-museum-tavern-london-england-html,Museum Tavern,,"""Museum Tavern"" London pub history","The Museum Tavern Pub Restaurant in Bloomsbury, - Greene King",https://www.greeneking.co.uk/pubs/greater-london/museum-tavern,"With a prettily presented Prussian blue pigment and golden gilded exterior, the Museum Tavern is a popular pub next to the British Museum by Russell Square.",1,2026-07-07T11:05:16.400Z,pub:london-022-museum-tavern-london-england-html,has_history_source,https://www.greeneking.co.uk/pubs/greater-london/museum-tavern,medium,"Seed source for later human/agent extraction into structured founding date, building era, notable people, and heritage facts."
london-022-museum-tavern-london-england-html,Museum Tavern,,"""Museum Tavern"" London pub history",Museum Tavern - London Pubs Group - CAMRA,https://londonpubsgroup.camra.org.uk/viewnode.php?id=28596,It claims a long history stretching back into the 18th century and was ... The Museum Tavern featured on the Evening Crawl of Bloomsbury and Holborn on ...,2,2026-07-07T11:05:16.400Z,pub:london-022-museum-tavern-london-england-html,has_history_source,https://londonpubsgroup.camra.org.uk/viewnode.php?id=28596,medium,"Seed source for later human/agent extraction into structured founding date, building era, notable people, and heritage facts."
london-023-the-scarsdale-tavern-kensington-london-england-html,"The Scarsdale Tavern, Kensington",Kensington,"""The Scarsdale Tavern, Kensington"" Kensington pub history","Although summer's nearly over, there's no better spot in Kensington ...",https://www.instagram.com/reel/DNna7tEIAkR/,"... londonpub #pubhistory #bestpub #englishpub #pub ... pub on a tour that blended London history with stops at pubs. ... The Scarsdale Tavern, Kensington # ...",1,2026-07-07T11:05:16.400Z,pub:london-023-the-scarsdale-tavern-kensington-london-england-html,has_history_source,https://www.instagram.com/reel/DNna7tEIAkR/,medium,"Seed source for later human/agent extraction into structured founding date, building era, notable people, and heritage facts."
london-023-the-scarsdale-tavern-kensington-london-england-html,"The Scarsdale Tavern, Kensington",Kensington,"""The Scarsdale Tavern, Kensington"" Kensington pub history","The Scarsdale Tavern, Kensington - London Restaurants - Tripadvisor",https://www.tripadvisor.com/Restaurant_Review-g186338-d733581-Reviews-or315-The_Scarsdale_Tavern_Kensington-London_England.html,"The Scarsdale Tavern, Kensington, London: See 615 unbiased reviews of The Scarsdale Tavern, Kensington, rated 4.3 of 5 on Tripadvisor and ranked #1211 of ...",2,2026-07-07T11:05:16.400Z,pub:london-023-the-scarsdale-tavern-kensington-london-england-html,has_history_source,https://www.tripadvisor.com/Restaurant_Review-g186338-d733581-Reviews-or315-The_Scarsdale_Tavern_Kensington-London_England.html,medium,"Seed source for later human/agent extraction into structured founding date, building era, notable people, and heritage facts."
london-024-lore-of-the-land-london-england-html,Lore of the Land,,"""Lore of the Land"" London pub history",The Lore of The Land | Top 50 Gastropubs,https://www.top50gastropubs.com/Pubs/UK/Greater-London/The-Lore-of-The-Land.html,"Lore of the Land is a traditional British pub on in Fitzrovia, London, owned by British film director Guy Ritchie offering modern English cuisine.",1,2026-07-07T11:05:16.400Z,pub:london-024-lore-of-the-land-london-england-html,has_history_source,https://www.top50gastropubs.com/Pubs/UK/Greater-London/The-Lore-of-The-Land.html,medium,"Seed source for later human/agent extraction into structured founding date, building era, notable people, and heritage facts."
london-024-lore-of-the-land-london-england-html,Lore of the Land,,"""Lore of the Land"" London pub history","LORE OF THE LAND, London - Fitzrovia - Restaurant Reviews ...",https://www.tripadvisor.com/Restaurant_Review-g186338-d17695974-Reviews-Lore_of_the_Land-London_England.html,"Lore of the Land offers a lively, cozy setting with old-world pub charm, as appreciated by many travelers. Guests frequently commend the friendly and attentive ...",2,2026-07-07T11:05:16.400Z,pub:london-024-lore-of-the-land-london-england-html,has_history_source,https://www.tripadvisor.com/Restaurant_Review-g186338-d17695974-Reviews-Lore_of_the_Land-London_England.html,medium,"Seed source for later human/agent extraction into structured founding date, building era, notable people, and heritage facts."
london-025-hat-feathers-london-england-html,Hat & Feathers,,"""Hat & Feathers"" London pub history",The Old Hat & Feathers pub reopens on Old Street and Goswell Road,https://www.facebook.com/groups/mylondonpubs/posts/1100169758829232/,The old Hat & Feathers on the junction of Old Street and Goswell Road for 25+ years. It always struck me as one we lost. HOWEVER. It reopened today after all ...,1,2026-07-07T11:05:16.400Z,pub:london-025-hat-feathers-london-england-html,has_history_source,https://www.facebook.com/groups/mylondonpubs/posts/1100169758829232/,medium,"Seed source for later human/agent extraction into structured founding date, building era, notable people, and heritage facts."
london-025-hat-feathers-london-england-html,Hat & Feathers,,"""Hat & Feathers"" London pub history","HAT & FEATHERS, London - Restaurant Reviews, Photos & Phone ...",https://www.tripadvisor.com/Restaurant_Review-g186338-d33231334-Reviews-Hat_Feathers-London_England.html,"Hat & Feathers is a popular dining spot, according to many travelers, earning rave reviews for its flavorful dishes and generous portions.",2,2026-07-07T11:05:16.400Z,pub:london-025-hat-feathers-london-england-html,has_history_source,https://www.tripadvisor.com/Restaurant_Review-g186338-d33231334-Reviews-Hat_Feathers-London_England.html,medium,"Seed source for later human/agent extraction into structured founding date, building era, notable people, and heritage facts."
london-026-george-london-england-html,George,Southwark,"""George"" Southwark pub history","The George Pub Restaurant in Southwark, - Greene King",https://www.greeneking.co.uk/pubs/greater-london/george-southwark,"Dating back to the 17th century, The George is a pub that has stood the test of time and continues to welcome all who visit the changing face of London. We're ...",1,2026-07-07T11:05:16.400Z,pub:london-026-george-london-england-html,has_history_source,https://www.greeneking.co.uk/pubs/greater-london/george-southwark,medium,"Seed source for later human/agent extraction into structured founding date, building era, notable people, and heritage facts."
london-026-george-london-england-html,George,Southwark,"""George"" Southwark pub history","The George, Southwark | Where London's history happened",https://londonspubswherehistoryreallyhappened.wordpress.com/2017/06/24/186/,While the George was rebuilt in 1676 it is actually said to hail from the 1540s or even earlier. Shakespeare himself is quite likely to have ...,2,2026-07-07T11:05:16.400Z,pub:london-026-george-london-england-html,has_history_source,https://londonspubswherehistoryreallyhappened.wordpress.com/2017/06/24/186/,medium,"Seed source for later human/agent extraction into structured founding date, building era, notable people, and heritage facts."
london-027-the-lucas-arms-london-england-html,The Lucas Arms,,"""The Lucas Arms"" London pub history","THE LUCAS ARMS, London - Menu, Prices & Restaurant Reviews",https://www.tripadvisor.com/Restaurant_Review-g186338-d1044391-Reviews-The_Lucas_Arms-London_England.html,"The Lucas Arms is the perfect place to enjoy a traditional British pub experience. Our convenient location, located near St Pancras International and King's ...",1,2026-07-07T11:05:16.400Z,pub:london-027-the-lucas-arms-london-england-html,has_history_source,https://www.tripadvisor.com/Restaurant_Review-g186338-d1044391-Reviews-The_Lucas_Arms-London_England.html,medium,"Seed source for later human/agent extraction into structured founding date, building era, notable people, and heritage facts."
london-027-the-lucas-arms-london-england-html,The Lucas Arms,,"""The Lucas Arms"" London pub history","The Lucas Arms, King s Cross - Facebook",https://www.facebook.com/groups/mylondonpubs/posts/234680178711532/,The Lucas Arms pub in Kings Cross London. Feargus Cribbin ▻ London ... Kings Arms pub history in London EC1. Fred Brown ▻ Remembering ...,2,2026-07-07T11:05:16.400Z,pub:london-027-the-lucas-arms-london-england-html,has_history_source,https://www.facebook.com/groups/mylondonpubs/posts/234680178711532/,medium,"Seed source for later human/agent extraction into structured founding date, building era, notable people, and heritage facts."
london-028-the-harp-covent-garden-london-england-html,"The Harp, Covent Garden",Covent Garden,"""The Harp, Covent Garden"" Covent Garden pub history","The Harp, Covent Garden - London Pub Explorer",https://www.londonpubexplorer.com/central-classics/the-harp,"The Harp, Covent Garden ... For centuries the humble public house has been the cornerstone of London. Whether in heavily residential backstreets with the same ...",1,2026-07-07T11:05:16.400Z,pub:london-028-the-harp-covent-garden-london-england-html,has_history_source,https://www.londonpubexplorer.com/central-classics/the-harp,medium,"Seed source for later human/agent extraction into structured founding date, building era, notable people, and heritage facts."
london-028-the-harp-covent-garden-london-england-html,"The Harp, Covent Garden",Covent Garden,"""The Harp, Covent Garden"" Covent Garden pub history","The Harp, Covent Garden - London Restaurants - Tripadvisor",https://www.tripadvisor.com/Restaurant_Review-g186338-d3649095-Reviews-The_Harp_Covent_Garden-London_England.html,"The Harp, Covent Garden, London: See 599 unbiased reviews of The Harp ... Meeting up with an old friend in London we went to this great historic pub just 4 mins ...",2,2026-07-07T11:05:16.400Z,pub:london-028-the-harp-covent-garden-london-england-html,has_history_source,https://www.tripadvisor.com/Restaurant_Review-g186338-d3649095-Reviews-The_Harp_Covent_Garden-London_England.html,medium,"Seed source for later human/agent extraction into structured founding date, building era, notable people, and heritage facts."
london-029-turtle-bay-hammersmith-london-england-html,Turtle Bay Hammersmith,Hammersmith,"""Turtle Bay Hammersmith"" Hammersmith pub history",Turtle Bay Hammersmith - London Restaurants - Tripadvisor,https://www.tripadvisor.com/Restaurant_Review-g186338-d25252129-Reviews-Turtle_Bay_Hammersmith-London_England.html,"Turtle Bay Hammersmith offers a mixed dining experience, according to many travelers. While the food often garners praise for its flavor and portion size, some ...",1,2026-07-07T11:05:16.400Z,pub:london-029-turtle-bay-hammersmith-london-england-html,has_history_source,https://www.tripadvisor.com/Restaurant_Review-g186338-d25252129-Reviews-Turtle_Bay_Hammersmith-London_England.html,medium,"Seed source for later human/agent extraction into structured founding date, building era, notable people, and heritage facts."
london-029-turtle-bay-hammersmith-london-england-html,Turtle Bay Hammersmith,Hammersmith,"""Turtle Bay Hammersmith"" Hammersmith pub history","Discover Turtle Bay Hammersmith – Best Attractions, Food, Stays ...",https://www.imean.ai/restaurant/Turtle-Bay-Hammersmith-25252129,"Turtle Bay Hammersmith brings the vibrant flavors of the Caribbean to west London, offering an authentic Jamaican dining experience in a lively, ...",2,2026-07-07T11:05:16.400Z,pub:london-029-turtle-bay-hammersmith-london-england-html,has_history_source,https://www.imean.ai/restaurant/Turtle-Bay-Hammersmith-25252129,medium,"Seed source for later human/agent extraction into structured founding date, building era, notable people, and heritage facts."
london-030-tworuba-london-england-html,TwoRuba,,"""TwoRuba"" London pub history",TwoRuba (@tworuba) · London - Instagram,https://www.instagram.com/tworuba/?hl=en,⚓️ Raise a glass to history and savour the unique flavours of our HMS Belfast cocktail at TwoRuba! #NationalTequilaDay #TwoRuba ...,1,2026-07-07T11:05:16.400Z,pub:london-030-tworuba-london-england-html,has_history_source,https://www.instagram.com/tworuba/?hl=en,medium,"Seed source for later human/agent extraction into structured founding date, building era, notable people, and heritage facts."
london-030-tworuba-london-england-html,TwoRuba,,"""TwoRuba"" London pub history",AfroditiKrassa Designs TwoRuba Bar at Hilton Tower Bridge ...,https://hospitalitydesign.com/news/afroditikrassa-designs-tworuba-bar-at-hilton-tower-bridge/18997,"London-based AfroditiKrassa has completed designs for the Hilton Tower Bridge's new bar, TwoRuba. AfroditiKrassa's approach for the project was to create a ...",2,2026-07-07T11:05:16.400Z,pub:london-030-tworuba-london-england-html,has_history_source,https://hospitalitydesign.com/news/afroditikrassa-designs-tworuba-bar-at-hilton-tower-bridge/18997,medium,"Seed source for later human/agent extraction into structured founding date, building era, notable people, and heritage facts."
london-031-two-more-beers-london-london-england-html,Two More Beers London,,"""Two More Beers London"" London pub history",TWO MORE BEERS LONDON - Restaurant Reviews ... - Tripadvisor,https://www.tripadvisor.com/Restaurant_Review-g186338-d28274352-Reviews-Two_More_Beers_London-London_England.html,"Two More Beers London offers a dining experience that for many travelers, is defined by its flavorful, Baltic-inspired menu. Standout dishes such as ribs, ...",1,2026-07-07T11:05:16.400Z,pub:london-031-two-more-beers-london-london-england-html,has_history_source,https://www.tripadvisor.com/Restaurant_Review-g186338-d28274352-Reviews-Two_More_Beers_London-London_England.html,medium,"Seed source for later human/agent extraction into structured founding date, building era, notable people, and heritage facts."
london-031-two-more-beers-london-london-england-html,Two More Beers London,,"""Two More Beers London"" London pub history",Two More Beers | Our garlic soup isn't for the pretenders. Garlic ...,https://www.instagram.com/p/DWoLnbDD9b7/,Photo by Two More Beers London on February ...,2,2026-07-07T11:05:16.400Z,pub:london-031-two-more-beers-london-london-england-html,has_history_source,https://www.instagram.com/p/DWoLnbDD9b7/,medium,"Seed source for later human/agent extraction into structured founding date, building era, notable people, and heritage facts."
london-032-adam-eve-london-england-html,Adam & Eve,,"""Adam & Eve"" London pub history",Long gone the Adam & Eve Pub.The building is now a private home.,https://www.facebook.com/stroudareaphotos/posts/long-gone-the-adam-eve-pubthe-building-is-now-a-private-home/858775409611351/,"Not many London pubs were built during the First World War, here is a rare find, The Adam & Eve on Homerton High Street, built 1915. #adamandeve ...",1,2026-07-07T11:05:16.400Z,pub:london-032-adam-eve-london-england-html,has_history_source,https://www.facebook.com/stroudareaphotos/posts/long-gone-the-adam-eve-pubthe-building-is-now-a-private-home/858775409611351/,medium,"Seed source for later human/agent extraction into structured founding date, building era, notable people, and heritage facts."
london-032-adam-eve-london-england-html,Adam & Eve,,"""Adam & Eve"" London pub history","The Adam & Eve Pub Restaurant in St James, - Greene King",https://www.greeneking.co.uk/pubs/greater-london/adam-and-eve,"Discover the Adam & Eve, a captivating 18th-century pub nestled between Parliament Square and Buckingham Palace, perfect for a day of culture and ...",2,2026-07-07T11:05:16.400Z,pub:london-032-adam-eve-london-england-html,has_history_source,https://www.greeneking.co.uk/pubs/greater-london/adam-and-eve,medium,"Seed source for later human/agent extraction into structured founding date, building era, notable people, and heritage facts."
london-033-the-george-london-england-html,The George,,"""The George"" London pub history","The George Inn, Southwark - Wikipedia","https://en.wikipedia.org/wiki/The_George_Inn,_Southwark","The pub was formerly known as the George and Dragon, named after the legend of Saint George and the Dragon. · Later, the Great Northern Railway used the George ...",1,2026-07-07T11:05:16.400Z,pub:london-033-the-george-london-england-html,has_history_source,"https://en.wikipedia.org/wiki/The_George_Inn,_Southwark",medium,"Seed source for later human/agent extraction into structured founding date, building era, notable people, and heritage facts."
london-033-the-george-london-england-html,The George,,"""The George"" London pub history","The George Pub Restaurant in Southwark, - Greene King",https://www.greeneking.co.uk/pubs/greater-london/george-southwark,"Dating back to the 17th century, The George is a pub that has stood the test of time and continues to welcome all who visit the changing face of London. We're ...",2,2026-07-07T11:05:16.400Z,pub:london-033-the-george-london-england-html,has_history_source,https://www.greeneking.co.uk/pubs/greater-london/george-southwark,medium,"Seed source for later human/agent extraction into structured founding date, building era, notable people, and heritage facts."
london-034-the-victoria-london-england-html,The Victoria,Victoria,"""The Victoria"" Victoria pub history","*the ""Victoria"" Pub - Strathearn Place - London W2 - London Shoes",https://www.londonshoes.blog/2024/05/16/the-amazing-victoria-pub-strathearn-place-london-w2/,The Victoria pub building was built in 1837 – the year Queen Victoria ascended to the Throne – so I'm guessing the pub just had to be named ...,1,2026-07-07T11:05:16.400Z,pub:london-034-the-victoria-london-england-html,has_history_source,https://www.londonshoes.blog/2024/05/16/the-amazing-victoria-pub-strathearn-place-london-w2/,medium,"Seed source for later human/agent extraction into structured founding date, building era, notable people, and heritage facts."
london-034-the-victoria-london-england-html,The Victoria,Victoria,"""The Victoria"" Victoria pub history","Is the Victoria still a pub , or a restaurant - Facebook",https://www.facebook.com/groups/rainhills/posts/1873297080276961/,"The Victoria Hotel has been a historic landmark on the corner of Peel Street and Victoria Street, North Melbourne, since its establishment in ...",2,2026-07-07T11:05:16.400Z,pub:london-034-the-victoria-london-england-html,has_history_source,https://www.facebook.com/groups/rainhills/posts/1873297080276961/,medium,"Seed source for later human/agent extraction into structured founding date, building era, notable people, and heritage facts."
london-035-the-hereford-arms-south-kensington-london-england-html,"The Hereford Arms, South Kensington",Kensington,"""The Hereford Arms, South Kensington"" Kensington pub history",Contact The Hereford Arms,https://www.herefordarms.co.uk/find-us,"The Hereford Arms, South Kensington. By Car. If you're planning on driving to the pub, be aware that there's no parking except on-street metered parking ...",1,2026-07-07T11:05:16.400Z,pub:london-035-the-hereford-arms-south-kensington-london-england-html,has_history_source,https://www.herefordarms.co.uk/find-us,medium,"Seed source for later human/agent extraction into structured founding date, building era, notable people, and heritage facts."
london-035-the-hereford-arms-south-kensington-london-england-html,"The Hereford Arms, South Kensington",Kensington,"""The Hereford Arms, South Kensington"" Kensington pub history","THE HEREFORD ARMS, SOUTH KENSINGTON, London - Tripadvisor",https://www.tripadvisor.com/Restaurant_Review-g186338-d1645696-Reviews-The_Hereford_Arms_South_Kensington-London_England.html,"The Hereford Arms, South Kensington, London: See 1362 unbiased reviews of The Hereford Arms, South Kensington, rated 4.3 of 5 on Tripadvisor and ranked ...",2,2026-07-07T11:05:16.400Z,pub:london-035-the-hereford-arms-south-kensington-london-england-html,has_history_source,https://www.tripadvisor.com/Restaurant_Review-g186338-d1645696-Reviews-The_Hereford_Arms_South_Kensington-London_England.html,medium,"Seed source for later human/agent extraction into structured founding date, building era, notable people, and heritage facts."
