rank,pub_id,pub_name,chain_name,area,full_address,rating,review_count,price_tier,venue_tags,venue_url,menu_url,discovery_source_name,discovery_source_url,discovered_at,notes
1,london-001-golden-fleece-london-england-html,Golden Fleece,Greene King,,,4.1,323,££,"Bars & Pubs, Grill££ \- £££",https://www.tripadvisor.co.uk/Restaurant_Review-g186338-d2525651-Reviews-Golden_Fleece-London_England.html,https://www.greeneking.co.uk/pubs/greater-london/golden-fleece/menu,Tripadvisor Bars & Pubs London,https://www.tripadvisor.co.uk/Restaurants-g186338-zfg11776-London_England.html,2026-07-07T09:53:07.214Z,Menu link visible in listing
2,london-002-florattica-rooftop-bar-london-london-england-html,Florattica Rooftop Bar London,,,,4.7,566,££,"Bars & Pubs, Bar££ \- £££",https://www.tripadvisor.co.uk/Restaurant_Review-g186338-d25151198-Reviews-Florattica_Rooftop_Bar_London-London_England.html,https://floratticalondon.co.uk/menus/,Tripadvisor Bars & Pubs London,https://www.tripadvisor.co.uk/Restaurants-g186338-zfg11776-London_England.html,2026-07-07T09:53:07.214Z,Menu link visible in listing
3,london-003-anchor-bankside-london-england-html,Anchor Bankside,Greene King,Bankside,,3.7,2295,££,"Bars & Pubs, Bar££ \- £££",https://www.tripadvisor.co.uk/Restaurant_Review-g186338-d4096847-Reviews-Anchor_Bankside-London_England.html,https://www.greeneking.co.uk/pubs/greater-london/anchor-bankside/menu,Tripadvisor Bars & Pubs London,https://www.tripadvisor.co.uk/Restaurants-g186338-zfg11776-London_England.html,2026-07-07T09:53:07.214Z,Menu link visible in listing
4,london-004-the-goat-tavern-london-england-html,The Goat Tavern,Greene King,Mayfair,,4.3,225,££,"Bars & Pubs, Bar££ \- £££",https://www.tripadvisor.co.uk/Restaurant_Review-g186338-d8802890-Reviews-The_Goat_Tavern-London_England.html,https://www.greeneking.co.uk/pubs/greater-london/goat-tavern-mayfair/menu,Tripadvisor Bars & Pubs London,https://www.tripadvisor.co.uk/Restaurants-g186338-zfg11776-London_England.html,2026-07-07T09:53:07.214Z,Menu link visible in listing
5,london-005-cahoots-underground-london-england-html,Cahoots Underground,,,,4.6,2536,££,"Bars & Pubs, British££ \- £££",https://www.tripadvisor.co.uk/Restaurant_Review-g186338-d7934476-Reviews-Cahoots_Underground-London_England.html,https://www.cahoots-london.com/menus/?location=underground&menu_title=cahoots-underground-control-room-drinks-late-2020,Tripadvisor Bars & Pubs London,https://www.tripadvisor.co.uk/Restaurants-g186338-zfg11776-London_England.html,2026-07-07T09:53:07.214Z,Menu link visible in listing
6,london-006-savage-garden-london-england-html,Savage Garden,,,,4.3,914,££,"Bars & Pubs, Bar££ \- £££",https://www.tripadvisor.co.uk/Restaurant_Review-g186338-d15043073-Reviews-Savage_Garden-London_England.html,https://www.savagegarden.co.uk/menu/,Tripadvisor Bars & Pubs London,https://www.tripadvisor.co.uk/Restaurants-g186338-zfg11776-London_England.html,2026-07-07T09:53:07.214Z,Menu link visible in listing
7,london-007-masons-arms-london-england-html,Masons Arms,Greene King,,,4.7,202,£,"Bars & Pubs, Bar£",https://www.tripadvisor.co.uk/Restaurant_Review-g186338-d14963496-Reviews-Masons_Arms-London_England.html,https://www.greeneking.co.uk/pubs/greater-london/masons-arms/menu,Tripadvisor Bars & Pubs London,https://www.tripadvisor.co.uk/Restaurants-g186338-zfg11776-London_England.html,2026-07-07T09:53:07.214Z,Menu link visible in listing
8,london-008-the-stanhope-arms-london-england-html,The Stanhope Arms,Greene King,,,4.0,1016,££,"Bars & Pubs, Bar££ \- £££",https://www.tripadvisor.co.uk/Restaurant_Review-g186338-d1581706-Reviews-The_Stanhope_Arms-London_England.html,https://www.greeneking.co.uk/pubs/greater-london/stanhope-arms/menu,Tripadvisor Bars & Pubs London,https://www.tripadvisor.co.uk/Restaurants-g186338-zfg11776-London_England.html,2026-07-07T09:53:07.214Z,Menu link visible in listing
9,london-009-the-victoria-paddington-london-england-html,"The Victoria, Paddington",,Paddington,,4.5,1312,££,"Bars & Pubs, Bar££ \- £££",https://www.tripadvisor.co.uk/Restaurant_Review-g186338-d3208695-Reviews-The_Victoria_Paddington-London_England.html,,Tripadvisor Bars & Pubs London,https://www.tripadvisor.co.uk/Restaurants-g186338-zfg11776-London_England.html,2026-07-07T09:53:07.214Z,No menu link visible in listing
10,london-010-sherlock-holmes-london-england-html,Sherlock Holmes,Greene King,,,3.7,3165,££,"Bars & Pubs, Bar££ \- £££",https://www.tripadvisor.co.uk/Restaurant_Review-g186338-d1127071-Reviews-Sherlock_Holmes-London_England.html,https://www.greeneking.co.uk/pubs/greater-london/sherlock-holmes/menu,Tripadvisor Bars & Pubs London,https://www.tripadvisor.co.uk/Restaurants-g186338-zfg11776-London_England.html,2026-07-07T09:53:07.214Z,Menu link visible in listing
11,london-011-swan-london-england-html,Swan,Greene King,,,4.5,1065,££,"Bars & Pubs, Bar££ \- £££",https://www.tripadvisor.co.uk/Restaurant_Review-g186338-d17752854-Reviews-Swan-London_England.html,https://www.greeneking.co.uk/pubs/greater-london/swan/menu,Tripadvisor Bars & Pubs London,https://www.tripadvisor.co.uk/Restaurants-g186338-zfg11776-London_England.html,2026-07-07T09:53:07.214Z,Menu link visible in listing
12,london-012-chesterfield-arms-london-england-html,Chesterfield Arms,,,,4.7,195,££,"Bars & Pubs, British££ \- £££",https://www.tripadvisor.co.uk/Restaurant_Review-g186338-d1755452-Reviews-Chesterfield_Arms-London_England.html,https://www.thechesterfieldarms.com/menus,Tripadvisor Bars & Pubs London,https://www.tripadvisor.co.uk/Restaurants-g186338-zfg11776-London_England.html,2026-07-07T09:53:07.214Z,Menu link visible in listing
13,london-013-the-churchill-arms-kensington-london-england-html,"The Churchill Arms, Kensington",,Kensington,,4.1,2096,££,"Bars & Pubs, Bar££ \- £££",https://www.tripadvisor.co.uk/Restaurant_Review-g186338-d718509-Reviews-The_Churchill_Arms_Kensington-London_England.html,https://www.churchillarmskensington.co.uk/food,Tripadvisor Bars & Pubs London,https://www.tripadvisor.co.uk/Restaurants-g186338-zfg11776-London_England.html,2026-07-07T09:53:07.214Z,Menu link visible in listing
14,london-014-the-lamb-flag-london-england-html,The Lamb & Flag,,,,4.3,1331,££,"Bars & Pubs, Bar££ \- £££",https://www.tripadvisor.co.uk/Restaurant_Review-g186338-d3823116-Reviews-The_Lamb_Flag-London_England.html,,Tripadvisor Bars & Pubs London,https://www.tripadvisor.co.uk/Restaurants-g186338-zfg11776-London_England.html,2026-07-07T09:53:07.214Z,No menu link visible in listing
15,london-015-bulls-head-london-england-html,Bulls Head,,,,4.1,821,££,"Bars & Pubs, Bar££ \- £££",https://www.tripadvisor.co.uk/Restaurant_Review-g186338-d1405305-Reviews-Bulls_Head-London_England.html,https://www.chefandbrewer.com/pubs/greater-london/bulls-head/menu,Tripadvisor Bars & Pubs London,https://www.tripadvisor.co.uk/Restaurants-g186338-zfg11776-London_England.html,2026-07-07T09:53:07.214Z,Menu link visible in listing
16,london-016-the-phoenix-london-england-html,The Phoenix,,,,4.7,240,££,"Bars & Pubs, American££ \- £££",https://www.tripadvisor.co.uk/Restaurant_Review-g186338-d7249057-Reviews-The_Phoenix-London_England.html,http://www.thephoenixec2.co.uk/menus,Tripadvisor Bars & Pubs London,https://www.tripadvisor.co.uk/Restaurants-g186338-zfg11776-London_England.html,2026-07-07T09:53:07.214Z,Menu link visible in listing
17,london-017-sabine-rooftop-bar-london-england-html,Sabine Rooftop Bar,,,,4.4,518,££££,"Bars & Pubs, International££££",https://www.tripadvisor.co.uk/Restaurant_Review-g186338-d23430259-Reviews-Sabine_Rooftop_Bar-London_England.html,https://www.sabinelondon.co.uk/menus,Tripadvisor Bars & Pubs London,https://www.tripadvisor.co.uk/Restaurants-g186338-zfg11776-London_England.html,2026-07-07T09:53:07.214Z,Menu link visible in listing
18,london-018-kings-head-london-england-html,Kings Head,Greene King,,,4.4,181,££,"Bars & Pubs, Bar££ \- £££",https://www.tripadvisor.co.uk/Restaurant_Review-g186338-d3228829-Reviews-Kings_Head-London_England.html,https://www.greeneking.co.uk/pubs/greater-london/kings-head-tooting/menu,Tripadvisor Bars & Pubs London,https://www.tripadvisor.co.uk/Restaurants-g186338-zfg11776-London_England.html,2026-07-07T09:53:07.214Z,Menu link visible in listing
19,london-019-prospect-of-whitby-london-england-html,Prospect Of Whitby,Greene King,,,3.9,1546,££,"Bars & Pubs, Bar££ \- £££",https://www.tripadvisor.co.uk/Restaurant_Review-g186338-d720359-Reviews-Prospect_Of_Whitby-London_England.html,https://www.greeneking.co.uk/pubs/greater-london/prospect-of-whitby/menu,Tripadvisor Bars & Pubs London,https://www.tripadvisor.co.uk/Restaurants-g186338-zfg11776-London_England.html,2026-07-07T09:53:07.214Z,Menu link visible in listing
20,london-020-kings-arms-london-england-html,Kings Arms,Greene King,Greenwich,,4.4,957,££,"Bars & Pubs, Bar££ \- £££",https://www.tripadvisor.co.uk/Restaurant_Review-g186338-d1025697-Reviews-Kings_Arms-London_England.html,https://www.greeneking.co.uk/pubs/greater-london/kings-arms-greenwich/menu,Tripadvisor Bars & Pubs London,https://www.tripadvisor.co.uk/Restaurants-g186338-zfg11776-London_England.html,2026-07-07T09:53:07.214Z,Menu link visible in listing
21,london-021-the-ship-tavern-london-england-html,The Ship Tavern,,,,4.4,1145,££,"Bars & Pubs, Bar££ \- £££",https://www.tripadvisor.co.uk/Restaurant_Review-g186338-d1650538-Reviews-The_Ship_Tavern-London_England.html,https://theshiptavern.co.uk/menus/the-oak-room-main-menu/,Tripadvisor Bars & Pubs London,https://www.tripadvisor.co.uk/Restaurants-g186338-zfg11776-London_England.html,2026-07-07T09:53:07.214Z,Menu link visible in listing
22,london-022-museum-tavern-london-england-html,Museum Tavern,Greene King,,,4.2,1108,££,"Bars & Pubs, Bar££ \- £££",https://www.tripadvisor.co.uk/Restaurant_Review-g186338-d1495364-Reviews-Museum_Tavern-London_England.html,https://www.greeneking.co.uk/pubs/greater-london/museum-tavern/menu,Tripadvisor Bars & Pubs London,https://www.tripadvisor.co.uk/Restaurants-g186338-zfg11776-London_England.html,2026-07-07T09:53:07.214Z,Menu link visible in listing
23,london-023-the-scarsdale-tavern-kensington-london-england-html,"The Scarsdale Tavern, Kensington",,Kensington,,4.3,615,££,"Bars & Pubs, Bar££ \- £££",https://www.tripadvisor.co.uk/Restaurant_Review-g186338-d733581-Reviews-The_Scarsdale_Tavern_Kensington-London_England.html,,Tripadvisor Bars & Pubs London,https://www.tripadvisor.co.uk/Restaurants-g186338-zfg11776-London_England.html,2026-07-07T09:53:07.214Z,No menu link visible in listing
24,london-024-lore-of-the-land-london-england-html,Lore of the Land,,,,4.1,214,££,"Bars & Pubs, European££ \- £££",https://www.tripadvisor.co.uk/Restaurant_Review-g186338-d17695974-Reviews-Lore_of_the_Land-London_England.html,,Tripadvisor Bars & Pubs London,https://www.tripadvisor.co.uk/Restaurants-g186338-zfg11776-London_England.html,2026-07-07T09:53:07.214Z,No menu link visible in listing
25,london-025-hat-feathers-london-england-html,Hat & Feathers,,,,4.9,108,££,"Bars & Pubs, British££ \- £££",https://www.tripadvisor.co.uk/Restaurant_Review-g186338-d33231334-Reviews-Hat_Feathers-London_England.html,,Tripadvisor Bars & Pubs London,https://www.tripadvisor.co.uk/Restaurants-g186338-zfg11776-London_England.html,2026-07-07T09:53:07.214Z,No menu link visible in listing
26,london-026-george-london-england-html,George,Greene King,Southwark,,3.9,1211,££,"Bars & Pubs, Bar££ \- £££",https://www.tripadvisor.co.uk/Restaurant_Review-g186338-d1016182-Reviews-George-London_England.html,https://www.greeneking.co.uk/pubs/greater-london/george-southwark/menu,Tripadvisor Bars & Pubs London,https://www.tripadvisor.co.uk/Restaurants-g186338-zfg11776-London_England.html,2026-07-07T09:53:07.214Z,Menu link visible in listing
27,london-027-the-lucas-arms-london-england-html,The Lucas Arms,Greene King,,,4.2,506,£,"Bars & Pubs, Bar£",https://www.tripadvisor.co.uk/Restaurant_Review-g186338-d1044391-Reviews-The_Lucas_Arms-London_England.html,https://www.greeneking.co.uk/pubs/greater-london/lucas-arms/menu,Tripadvisor Bars & Pubs London,https://www.tripadvisor.co.uk/Restaurants-g186338-zfg11776-London_England.html,2026-07-07T09:53:07.214Z,Menu link visible in listing
28,london-028-the-harp-covent-garden-london-england-html,"The Harp, Covent Garden",,Covent Garden,,4.4,599,£,Bars & Pubs£,https://www.tripadvisor.co.uk/Restaurant_Review-g186338-d3649095-Reviews-The_Harp_Covent_Garden-London_England.html,,Tripadvisor Bars & Pubs London,https://www.tripadvisor.co.uk/Restaurants-g186338-zfg11776-London_England.html,2026-07-07T09:53:07.214Z,No menu link visible in listing
29,london-029-turtle-bay-hammersmith-london-england-html,Turtle Bay Hammersmith,,Hammersmith,,4.8,935,££,"Bars & Pubs, Caribbean££ \- £££",https://www.tripadvisor.co.uk/Restaurant_Review-g186338-d25252129-Reviews-Turtle_Bay_Hammersmith-London_England.html,,Tripadvisor Bars & Pubs London,https://www.tripadvisor.co.uk/Restaurants-g186338-zfg11776-London_England.html,2026-07-07T09:53:07.214Z,No menu link visible in listing
30,london-030-tworuba-london-england-html,TwoRuba,,,,4.8,585,££,"Bars & Pubs, Bar££ \- £££",https://www.tripadvisor.co.uk/Restaurant_Review-g186338-d32697216-Reviews-TwoRuba-London_England.html,,Tripadvisor Bars & Pubs London,https://www.tripadvisor.co.uk/Restaurants-g186338-zfg11776-London_England.html,2026-07-07T09:53:07.214Z,No menu link visible in listing
31,london-031-two-more-beers-london-london-england-html,Two More Beers London,,,,4.9,235,££,"Bars & Pubs, European££ \- £££",https://www.tripadvisor.co.uk/Restaurant_Review-g186338-d28274352-Reviews-Two_More_Beers_London-London_England.html,,Tripadvisor Bars & Pubs London,https://www.tripadvisor.co.uk/Restaurants-g186338-zfg11776-London_England.html,2026-07-07T09:53:07.214Z,No menu link visible in listing
32,london-032-adam-eve-london-england-html,Adam & Eve,Greene King,,,4.5,431,££,"Bars & Pubs, Bar££ \- £££",https://www.tripadvisor.co.uk/Restaurant_Review-g186338-d3228414-Reviews-Adam_Eve-London_England.html,https://www.greeneking.co.uk/pubs/greater-london/adam-and-eve/menu,Tripadvisor Bars & Pubs London,https://www.tripadvisor.co.uk/Restaurants-g186338-zfg11776-London_England.html,2026-07-07T09:53:07.214Z,Menu link visible in listing
33,london-033-the-george-london-england-html,The George,,,,4.6,901,££,"Bars & Pubs, British££ \- £££",https://www.tripadvisor.co.uk/Restaurant_Review-g186338-d11805245-Reviews-The_George-London_England.html,http://www.georgeinthestrand.com/menus,Tripadvisor Bars & Pubs London,https://www.tripadvisor.co.uk/Restaurants-g186338-zfg11776-London_England.html,2026-07-07T09:53:07.214Z,Menu link visible in listing
34,london-034-the-victoria-london-england-html,The Victoria,Greene King,Victoria,,4.2,385,££,"Bars & Pubs, British££ \- £££",https://www.tripadvisor.co.uk/Restaurant_Review-g186338-d2507990-Reviews-The_Victoria-London_England.html,https://www.greeneking.co.uk/pubs/greater-london/victoria/menu,Tripadvisor Bars & Pubs London,https://www.tripadvisor.co.uk/Restaurants-g186338-zfg11776-London_England.html,2026-07-07T09:53:07.214Z,Menu link visible in listing
35,london-035-the-hereford-arms-south-kensington-london-england-html,"The Hereford Arms, South Kensington",,Kensington,,4.3,1362,££,"Bars & Pubs, Bar££ \- £££",https://www.tripadvisor.co.uk/Restaurant_Review-g186338-d1645696-Reviews-The_Hereford_Arms_South_Kensington-London_England.html,,Tripadvisor Bars & Pubs London,https://www.tripadvisor.co.uk/Restaurants-g186338-zfg11776-oa30-London_England.html,2026-07-07T09:53:07.214Z,No menu link visible in listing
36,london-036-railway-bell-london-england-html,Railway Bell,Greene King,,,4.7,416,££,"Bars & Pubs, Bar££ \- £££",https://www.tripadvisor.co.uk/Restaurant_Review-g186338-d2512984-Reviews-Railway_Bell-London_England.html,https://www.greeneking.co.uk/pubs/greater-london/railway-bell/menu,Tripadvisor Bars & Pubs London,https://www.tripadvisor.co.uk/Restaurants-g186338-zfg11776-oa30-London_England.html,2026-07-07T09:53:07.214Z,Menu link visible in listing
37,london-037-the-admiralty-trafalgar-square-london-england-html,"The Admiralty, Trafalgar Square",,,,4.2,1685,££,"Bars & Pubs, Bar££ \- £££",https://www.tripadvisor.co.uk/Restaurant_Review-g186338-d7187050-Reviews-The_Admiralty_Trafalgar_Square-London_England.html,,Tripadvisor Bars & Pubs London,https://www.tripadvisor.co.uk/Restaurants-g186338-zfg11776-oa30-London_England.html,2026-07-07T09:53:07.214Z,No menu link visible in listing
38,london-038-bar-block-steakhouse-london-kings-cross-london-england-html,Bar + Block Steakhouse London Kings Cross,,,,4.4,1692,££,"Bars & Pubs, Steakhouse££ \- £££",https://www.tripadvisor.co.uk/Restaurant_Review-g186338-d11899102-Reviews-Bar_Block_Steakhouse_London_Kings_Cross-London_England.html,,Tripadvisor Bars & Pubs London,https://www.tripadvisor.co.uk/Restaurants-g186338-zfg11776-oa30-London_England.html,2026-07-07T09:53:07.214Z,No menu link visible in listing
39,london-039-the-red-lion-parliament-street-london-england-html,"The Red Lion, Parliament Street",,,,4.0,1740,££,"Bars & Pubs, Bar££ \- £££",https://www.tripadvisor.co.uk/Restaurant_Review-g186338-d3407421-Reviews-The_Red_Lion_Parliament_Street-London_England.html,,Tripadvisor Bars & Pubs London,https://www.tripadvisor.co.uk/Restaurants-g186338-zfg11776-oa30-London_England.html,2026-07-07T09:53:07.214Z,No menu link visible in listing
40,london-040-the-nest-london-england-html,The Nest,,,,4.4,424,££,"Bars & Pubs, International££ \- £££",https://www.tripadvisor.co.uk/Restaurant_Review-g186338-d19425651-Reviews-The_Nest-London_England.html,,Tripadvisor Bars & Pubs London,https://www.tripadvisor.co.uk/Restaurants-g186338-zfg11776-oa30-London_England.html,2026-07-07T09:53:07.214Z,No menu link visible in listing
41,london-041-garrick-arms-london-england-html,Garrick Arms,Greene King,,,4.1,630,££,"Bars & Pubs, Bar££ \- £££",https://www.tripadvisor.co.uk/Restaurant_Review-g186338-d1405156-Reviews-Garrick_Arms-London_England.html,https://www.greeneking.co.uk/pubs/greater-london/garrick-arms/menu,Tripadvisor Bars & Pubs London,https://www.tripadvisor.co.uk/Restaurants-g186338-zfg11776-oa30-London_England.html,2026-07-07T09:53:07.214Z,Menu link visible in listing
42,london-042-two-chairmen-london-england-html,Two Chairmen,Greene King,,,4.4,475,££,"Bars & Pubs, Bar££ \- £££",https://www.tripadvisor.co.uk/Restaurant_Review-g186338-d2507981-Reviews-Two_Chairmen-London_England.html,https://www.greeneking.co.uk/pubs/greater-london/two-chairmen/menu,Tripadvisor Bars & Pubs London,https://www.tripadvisor.co.uk/Restaurants-g186338-zfg11776-oa30-London_England.html,2026-07-07T09:53:07.214Z,Menu link visible in listing
43,london-043-blue-posts-london-england-html,Blue Posts,Greene King,,,4.4,296,££,"Bars & Pubs, Bar££ \- £££",https://www.tripadvisor.co.uk/Restaurant_Review-g186338-d8565720-Reviews-Blue_Posts-London_England.html,https://www.greeneking.co.uk/pubs/greater-london/blue-posts/menu,Tripadvisor Bars & Pubs London,https://www.tripadvisor.co.uk/Restaurants-g186338-zfg11776-oa30-London_England.html,2026-07-07T09:53:07.214Z,Menu link visible in listing
44,london-044-the-butcher-s-hook-london-england-html,The Butcher's Hook,Greene King,,,3.9,304,££,"Bars & Pubs, Bar££ \- £££",https://www.tripadvisor.co.uk/Restaurant_Review-g186338-d1014310-Reviews-The_Butcher_s_Hook-London_England.html,https://www.greeneking.co.uk/pubs/greater-london/butchers-hook/menu,Tripadvisor Bars & Pubs London,https://www.tripadvisor.co.uk/Restaurants-g186338-zfg11776-oa30-London_England.html,2026-07-07T09:53:07.214Z,Menu link visible in listing
45,london-045-duke-of-york-london-england-html,Duke Of York,Greene King,,,4.2,221,££,"Bars & Pubs, Bar££ \- £££",https://www.tripadvisor.co.uk/Restaurant_Review-g186338-d5600132-Reviews-Duke_Of_York-London_England.html,https://www.greeneking.co.uk/pubs/greater-london/duke-of-york/menu,Tripadvisor Bars & Pubs London,https://www.tripadvisor.co.uk/Restaurants-g186338-zfg11776-oa30-London_England.html,2026-07-07T09:53:07.214Z,Menu link visible in listing
46,london-046-three-jolly-butchers-london-england-html,Three Jolly Butchers,Greene King,,,4.4,464,££,Bars & Pubs££ \- £££,https://www.tripadvisor.co.uk/Restaurant_Review-g186338-d2508040-Reviews-Three_Jolly_Butchers-London_England.html,https://www.greeneking.co.uk/pubs/greater-london/three-jolly-butchers/menu,Tripadvisor Bars & Pubs London,https://www.tripadvisor.co.uk/Restaurants-g186338-zfg11776-oa30-London_England.html,2026-07-07T09:53:07.214Z,Menu link visible in listing
47,london-047-the-hung-drawn-quartered-ec3-london-england-html,"The Hung Drawn & Quartered, EC3",,,,4.1,919,££,"Bars & Pubs, Bar££ \- £££",https://www.tripadvisor.co.uk/Restaurant_Review-g186338-d2256991-Reviews-The_Hung_Drawn_Quartered_EC3-London_England.html,,Tripadvisor Bars & Pubs London,https://www.tripadvisor.co.uk/Restaurants-g186338-zfg11776-oa30-London_England.html,2026-07-07T09:53:07.214Z,No menu link visible in listing
48,london-048-rhum-tavern-london-england-html,Rhum Tavern,,,,4.7,95,££,"Bars & Pubs, Bar££ \- £££",https://www.tripadvisor.co.uk/Restaurant_Review-g186338-d27290284-Reviews-Rhum_Tavern-London_England.html,,Tripadvisor Bars & Pubs London,https://www.tripadvisor.co.uk/Restaurants-g186338-zfg11776-oa30-London_England.html,2026-07-07T09:53:07.214Z,No menu link visible in listing
49,london-049-fitzrovia-london-england-html,Fitzrovia,Greene King,Fitzrovia,,4.5,273,££,"Bars & Pubs, Bar££ \- £££",https://www.tripadvisor.co.uk/Restaurant_Review-g186338-d2455103-Reviews-Fitzrovia-London_England.html,https://www.greeneking.co.uk/pubs/greater-london/fitzrovia/menu,Tripadvisor Bars & Pubs London,https://www.tripadvisor.co.uk/Restaurants-g186338-zfg11776-oa30-London_England.html,2026-07-07T09:53:07.214Z,Menu link visible in listing
50,london-050-leicester-arms-london-england-html,Leicester Arms,Greene King,,,4.3,728,££,"Bars & Pubs, British££ \- £££",https://www.tripadvisor.co.uk/Restaurant_Review-g186338-d2418348-Reviews-Leicester_Arms-London_England.html,https://www.greeneking.co.uk/pubs/greater-london/leicester-arms/menu,Tripadvisor Bars & Pubs London,https://www.tripadvisor.co.uk/Restaurants-g186338-zfg11776-oa30-London_England.html,2026-07-07T09:53:07.214Z,Menu link visible in listing
51,london-051-hoop-toy-london-england-html,Hoop & Toy,Greene King,,,3.9,776,££,"Bars & Pubs, Bar££ \- £££",https://www.tripadvisor.co.uk/Restaurant_Review-g186338-d1774593-Reviews-Hoop_Toy-London_England.html,https://www.greeneking.co.uk/pubs/greater-london/hoop-and-toy/menu,Tripadvisor Bars & Pubs London,https://www.tripadvisor.co.uk/Restaurants-g186338-zfg11776-oa30-London_England.html,2026-07-07T09:53:07.214Z,Menu link visible in listing
52,london-052-friend-at-hand-london-england-html,Friend at Hand,Greene King,,,4.3,820,££,"Bars & Pubs, British££ \- £££",https://www.tripadvisor.co.uk/Restaurant_Review-g186338-d2503200-Reviews-Friend_at_Hand-London_England.html,https://www.greeneking.co.uk/pubs/greater-london/friend-at-hand/menu,Tripadvisor Bars & Pubs London,https://www.tripadvisor.co.uk/Restaurants-g186338-zfg11776-oa30-London_England.html,2026-07-07T09:53:07.214Z,Menu link visible in listing
53,london-053-the-white-bear-london-england-html,The White Bear,,,,4.4,321,££,"Bars & Pubs, Bar££ \- £££",https://www.tripadvisor.co.uk/Restaurant_Review-g186338-d11726417-Reviews-The_White_Bear-London_England.html,,Tripadvisor Bars & Pubs London,https://www.tripadvisor.co.uk/Restaurants-g186338-zfg11776-oa30-London_England.html,2026-07-07T09:53:07.214Z,No menu link visible in listing
54,london-054-the-old-star-london-england-html,The Old Star,Greene King,,,4.0,516,££,"Bars & Pubs, Bar££ \- £££",https://www.tripadvisor.co.uk/Restaurant_Review-g186338-d1753731-Reviews-The_Old_Star-London_England.html,https://www.greeneking.co.uk/pubs/greater-london/old-star/menu,Tripadvisor Bars & Pubs London,https://www.tripadvisor.co.uk/Restaurants-g186338-zfg11776-oa30-London_England.html,2026-07-07T09:53:07.214Z,Menu link visible in listing
55,london-055-kings-head-london-england-html,Kings Head,Greene King,,,4.1,506,££,"Bars & Pubs, British££ \- £££",https://www.tripadvisor.co.uk/Restaurant_Review-g186338-d1955392-Reviews-Kings_Head-London_England.html,https://www.greeneking.co.uk/pubs/greater-london/kings-head/menu,Tripadvisor Bars & Pubs London,https://www.tripadvisor.co.uk/Restaurants-g186338-zfg11776-oa30-London_England.html,2026-07-07T09:53:07.214Z,Menu link visible in listing
56,london-056-plume-wine-bar-london-england-html,Plume Wine Bar,,,,4.7,258,££,"Bars & Pubs, European££ \- £££",https://www.tripadvisor.co.uk/Restaurant_Review-g186338-d15683738-Reviews-Plume_Wine_Bar-London_England.html,http://www.plumewinebar.com/menu,Tripadvisor Bars & Pubs London,https://www.tripadvisor.co.uk/Restaurants-g186338-zfg11776-oa30-London_England.html,2026-07-07T09:53:07.214Z,Menu link visible in listing
57,london-057-earls-court-tavern-london-england-html,Earls Court Tavern,Greene King,,,4.0,906,££,"Bars & Pubs, Bar££ \- £££",https://www.tripadvisor.co.uk/Restaurant_Review-g186338-d1235278-Reviews-Earls_Court_Tavern-London_England.html,https://www.greeneking.co.uk/pubs/greater-london/earls-court-tavern/menu,Tripadvisor Bars & Pubs London,https://www.tripadvisor.co.uk/Restaurants-g186338-zfg11776-oa30-London_England.html,2026-07-07T09:53:07.214Z,Menu link visible in listing
58,london-058-the-wilmington-london-england-html,The Wilmington,,,,4.6,934,££,"Bars & Pubs, British££ \- £££",https://www.tripadvisor.co.uk/Restaurant_Review-g186338-d1044781-Reviews-The_Wilmington-London_England.html,http://www.wilmingtonclerkenwell.com/menus,Tripadvisor Bars & Pubs London,https://www.tripadvisor.co.uk/Restaurants-g186338-zfg11776-oa30-London_England.html,2026-07-07T09:53:07.214Z,Menu link visible in listing
59,london-059-the-angel-oak-london-england-html,The Angel Oak,,Angel,,4.6,113,££,"Bars & Pubs, French££ \- £££",https://www.tripadvisor.co.uk/Restaurant_Review-g186338-d3568394-Reviews-The_Angel_Oak-London_England.html,https://www.angeloakpeckham.com/menus,Tripadvisor Bars & Pubs London,https://www.tripadvisor.co.uk/Restaurants-g186338-zfg11776-oa30-London_England.html,2026-07-07T09:53:07.214Z,Menu link visible in listing
60,london-060-the-swan-hyde-park-london-england-html,"The Swan, Hyde Park",,,,4.1,1952,££,"Bars & Pubs, Bar££ \- £££",https://www.tripadvisor.co.uk/Restaurant_Review-g186338-d2104410-Reviews-The_Swan_Hyde_Park-London_England.html,,Tripadvisor Bars & Pubs London,https://www.tripadvisor.co.uk/Restaurants-g186338-zfg11776-oa30-London_England.html,2026-07-07T09:53:07.214Z,No menu link visible in listing
61,london-061-the-yacht-london-england-html,The Yacht,Greene King,,,3.8,460,££,"Bars & Pubs, Bar££ \- £££",https://www.tripadvisor.co.uk/Restaurant_Review-g186338-d944622-Reviews-The_Yacht-London_England.html,https://www.greeneking.co.uk/pubs/greater-london/yacht/menu,Tripadvisor Bars & Pubs London,https://www.tripadvisor.co.uk/Restaurants-g186338-zfg11776-oa30-London_England.html,2026-07-07T09:53:07.214Z,Menu link visible in listing
62,london-062-the-albert-london-england-html,The Albert,Greene King,,,3.8,1722,££,"Bars & Pubs, Bar££ \- £££",https://www.tripadvisor.co.uk/Restaurant_Review-g186338-d2184337-Reviews-The_Albert-London_England.html,https://www.greeneking.co.uk/pubs/greater-london/albert/menu,Tripadvisor Bars & Pubs London,https://www.tripadvisor.co.uk/Restaurants-g186338-zfg11776-oa30-London_England.html,2026-07-07T09:53:07.214Z,Menu link visible in listing
63,london-063-mr-fogg-s-tavern-london-england-html,Mr Fogg's Tavern,,,,4.2,806,££,"Bars & Pubs, Bar££ \- £££",https://www.tripadvisor.co.uk/Restaurant_Review-g186338-d8769360-Reviews-Mr_Fogg_s_Tavern-London_England.html,https://www.mr-foggs.com/menus/?location=tavern&menu_title=all-out-sunday-lunch,Tripadvisor Bars & Pubs London,https://www.tripadvisor.co.uk/Restaurants-g186338-zfg11776-oa30-London_England.html,2026-07-07T09:53:07.214Z,Menu link visible in listing
64,london-064-passyunk-avenue-london-england-html,Passyunk Avenue,,,,4.5,441,££,"Bars & Pubs, American££ \- £££",https://www.tripadvisor.co.uk/Restaurant_Review-g186338-d13219938-Reviews-Passyunk_Avenue-London_England.html,,Tripadvisor Bars & Pubs London,https://www.tripadvisor.co.uk/Restaurants-g186338-zfg11776-oa30-London_England.html,2026-07-07T09:53:07.214Z,No menu link visible in listing
65,london-065-greystoke-london-england-html,Greystoke,Greene King,,,4.5,137,££,"Bars & Pubs, Bar££ \- £££",https://www.tripadvisor.co.uk/Restaurant_Review-g186338-d2525576-Reviews-Greystoke-London_England.html,https://www.greeneking.co.uk/pubs/greater-london/greystoke/menu,Tripadvisor Bars & Pubs London,https://www.tripadvisor.co.uk/Restaurants-g186338-zfg11776-oa30-London_England.html,2026-07-07T09:53:07.214Z,Menu link visible in listing
66,london-066-the-k-bar-london-england-html,The K Bar,,,,4.9,484,££,"Bars & Pubs, Bar££ \- £££",https://www.tripadvisor.co.uk/Restaurant_Review-g186338-d15138515-Reviews-The_K_Bar-London_England.html,,Tripadvisor Bars & Pubs London,https://www.tripadvisor.co.uk/Restaurants-g186338-zfg11776-oa60-London_England.html,2026-07-07T09:53:07.214Z,No menu link visible in listing
67,london-067-the-wigmore-london-england-html,The Wigmore,,,,4.5,326,££,"Bars & Pubs, Bar££ \- £££",https://www.tripadvisor.co.uk/Restaurant_Review-g186338-d12578970-Reviews-The_Wigmore-London_England.html,https://the-wigmore.co.uk/,Tripadvisor Bars & Pubs London,https://www.tripadvisor.co.uk/Restaurants-g186338-zfg11776-oa60-London_England.html,2026-07-07T09:53:07.214Z,Menu link visible in listing
68,london-068-the-salisbury-pub-london-england-html,The Salisbury Pub,Greene King,,,4.1,1009,££,"Bars & Pubs, Bar££ \- £££",https://www.tripadvisor.co.uk/Restaurant_Review-g186338-d2196992-Reviews-The_Salisbury_Pub-London_England.html,https://www.greeneking.co.uk/pubs/greater-london/salisbury/menu,Tripadvisor Bars & Pubs London,https://www.tripadvisor.co.uk/Restaurants-g186338-zfg11776-oa60-London_England.html,2026-07-07T09:53:07.214Z,Menu link visible in listing
69,london-069-the-hemingford-arms-london-england-html,The Hemingford Arms,,,,4.8,149,££,"Bars & Pubs, Bar££ \- £££",https://www.tripadvisor.co.uk/Restaurant_Review-g186338-d3568388-Reviews-The_Hemingford_Arms-London_England.html,http://www.hemingfordarms.com/menus,Tripadvisor Bars & Pubs London,https://www.tripadvisor.co.uk/Restaurants-g186338-zfg11776-oa60-London_England.html,2026-07-07T09:53:07.214Z,Menu link visible in listing
70,london-070-lord-raglan-london-england-html,Lord Raglan,Greene King,,,4.4,434,££,"Bars & Pubs, Bar££ \- £££",https://www.tripadvisor.co.uk/Restaurant_Review-g186338-d2508004-Reviews-Lord_Raglan-London_England.html,https://www.greeneking.co.uk/pubs/greater-london/lord-raglan/menu,Tripadvisor Bars & Pubs London,https://www.tripadvisor.co.uk/Restaurants-g186338-zfg11776-oa60-London_England.html,2026-07-07T09:53:07.214Z,Menu link visible in listing
71,london-071-good-godfrey-s-bar-and-lounge-london-england-html,Good Godfrey's Bar and Lounge,,,,4.4,454,££,"Bars & Pubs, Bar££ \- £££",https://www.tripadvisor.co.uk/Restaurant_Review-g186338-d5769978-Reviews-Good_Godfrey_s_Bar_and_Lounge-London_England.html,https://bit.ly/goodgodfreysmenu,Tripadvisor Bars & Pubs London,https://www.tripadvisor.co.uk/Restaurants-g186338-zfg11776-oa60-London_England.html,2026-07-07T09:53:07.214Z,Menu link visible in listing
72,london-072-blue-boar-pub-london-england-html,Blue Boar Pub,,,,4.2,1462,££,"Bars & Pubs, British££ \- £££",https://www.tripadvisor.co.uk/Restaurant_Review-g186338-d5243221-Reviews-Blue_Boar_Pub-London_England.html,,Tripadvisor Bars & Pubs London,https://www.tripadvisor.co.uk/Restaurants-g186338-zfg11776-oa60-London_England.html,2026-07-07T09:53:07.214Z,No menu link visible in listing
73,london-073-allsop-arms-london-england-html,Allsop Arms,Greene King,,,4.3,439,££,"Bars & Pubs, Bar££ \- £££",https://www.tripadvisor.co.uk/Restaurant_Review-g186338-d1043833-Reviews-Allsop_Arms-London_England.html,https://www.greeneking.co.uk/pubs/greater-london/allsop-arms/menu,Tripadvisor Bars & Pubs London,https://www.tripadvisor.co.uk/Restaurants-g186338-zfg11776-oa60-London_England.html,2026-07-07T09:53:07.214Z,Menu link visible in listing
74,london-074-the-old-queens-head-london-england-html,The Old Queens Head,,,,4.5,469,££,"Bars & Pubs, Bar££ \- £££",https://www.tripadvisor.co.uk/Restaurant_Review-g186338-d26628769-Reviews-The_Old_Queens_Head-London_England.html,https://www.theoldqueenshead.com/food-drink/,Tripadvisor Bars & Pubs London,https://www.tripadvisor.co.uk/Restaurants-g186338-zfg11776-oa60-London_England.html,2026-07-07T09:53:07.214Z,Menu link visible in listing
75,london-075-the-three-tuns-london-england-html,The Three Tuns,Greene King,,,4.2,801,££,"Bars & Pubs, Bar££ \- £££",https://www.tripadvisor.co.uk/Restaurant_Review-g186338-d2508021-Reviews-The_Three_Tuns-London_England.html,https://www.greeneking.co.uk/pubs/greater-london/three-tuns/menu,Tripadvisor Bars & Pubs London,https://www.tripadvisor.co.uk/Restaurants-g186338-zfg11776-oa60-London_England.html,2026-07-07T09:53:07.214Z,Menu link visible in listing
76,london-076-the-stablehand-london-england-html,The Stablehand,,,,4.6,289,££,"Bars & Pubs, British££ \- £££",https://www.tripadvisor.co.uk/Restaurant_Review-g186338-d23937779-Reviews-The_Stablehand-London_England.html,,Tripadvisor Bars & Pubs London,https://www.tripadvisor.co.uk/Restaurants-g186338-zfg11776-oa60-London_England.html,2026-07-07T09:53:07.214Z,No menu link visible in listing
77,london-077-the-black-lion-pub-boutique-rooms-london-england-html,The Black Lion Pub & Boutique Rooms,,,,4.8,120,££,"Bars & Pubs, Bar££ \- £££",https://www.tripadvisor.co.uk/Restaurant_Review-g186338-d8757447-Reviews-The_Black_Lion_Pub_Boutique_Rooms-London_England.html,https://blacklionkilburn.co.uk/main-menu/,Tripadvisor Bars & Pubs London,https://www.tripadvisor.co.uk/Restaurants-g186338-zfg11776-oa60-London_England.html,2026-07-07T09:53:07.214Z,Menu link visible in listing
78,london-078-greencoat-boy-london-england-html,Greencoat Boy,Greene King,,,4.3,371,££,"Bars & Pubs, Bar££ \- £££",https://www.tripadvisor.co.uk/Restaurant_Review-g186338-d2507971-Reviews-Greencoat_Boy-London_England.html,https://www.greeneking.co.uk/pubs/greater-london/greencoat-boy/menu,Tripadvisor Bars & Pubs London,https://www.tripadvisor.co.uk/Restaurants-g186338-zfg11776-oa60-London_England.html,2026-07-07T09:53:07.214Z,Menu link visible in listing
79,london-079-mr-fogg-s-society-of-exploration-london-england-html,Mr Fogg's Society of Exploration,,,,4.3,982,££,Bars & Pubs££ \- £££,https://www.tripadvisor.co.uk/Restaurant_Review-g186338-d15123758-Reviews-Mr_Fogg_s_Society_of_Exploration-London_England.html,https://www.mr-foggs.com/menus/?location=society-of-exploration&menu_title=mr-foggs-society-of-exploration-culinary-expedition-2,Tripadvisor Bars & Pubs London,https://www.tripadvisor.co.uk/Restaurants-g186338-zfg11776-oa60-London_England.html,2026-07-07T09:53:07.214Z,Menu link visible in listing
80,london-080-fountains-abbey-london-england-html,Fountains Abbey,Greene King,,,4.1,740,££,"Bars & Pubs, Bar££ \- £££",https://www.tripadvisor.co.uk/Restaurant_Review-g186338-d2374198-Reviews-Fountains_Abbey-London_England.html,https://www.greeneking.co.uk/pubs/greater-london/fountains-abbey/menu,Tripadvisor Bars & Pubs London,https://www.tripadvisor.co.uk/Restaurants-g186338-zfg11776-oa60-London_England.html,2026-07-07T09:53:07.214Z,Menu link visible in listing
81,london-081-the-mitre-london-england-html,The Mitre,,,,4.2,670,££,"Bars & Pubs, Italian££ \- £££",https://www.tripadvisor.co.uk/Restaurant_Review-g186338-d1481009-Reviews-The_Mitre-London_England.html,http://www.themitrew11.co.uk/menus,Tripadvisor Bars & Pubs London,https://www.tripadvisor.co.uk/Restaurants-g186338-zfg11776-oa60-London_England.html,2026-07-07T09:53:07.214Z,Menu link visible in listing
82,london-082-revery-bar-london-england-html,Revery Bar,,,,5.0,82,££,"Bars & Pubs, Bar££ \- £££",https://www.tripadvisor.co.uk/Restaurant_Review-g186338-d26684160-Reviews-Revery_Bar-London_England.html,https://www.reverybarparklane.com/,Tripadvisor Bars & Pubs London,https://www.tripadvisor.co.uk/Restaurants-g186338-zfg11776-oa60-London_England.html,2026-07-07T09:53:07.214Z,Menu link visible in listing
83,london-083-scarfes-bar-london-england-html,Scarfes Bar,,,,4.4,622,££££,"Bars & Pubs, Bar££££",https://www.tripadvisor.co.uk/Restaurant_Review-g186338-d6157670-Reviews-Scarfes_Bar-London_England.html,https://scarfesbar.com/cocktail-menu/,Tripadvisor Bars & Pubs London,https://www.tripadvisor.co.uk/Restaurants-g186338-zfg11776-oa60-London_England.html,2026-07-07T09:53:07.214Z,Menu link visible in listing
84,london-084-the-starting-gate-london-england-html,The Starting Gate,,,,4.5,446,££,"Bars & Pubs, Bar££ \- £££",https://www.tripadvisor.co.uk/Restaurant_Review-g186338-d1478133-Reviews-The_Starting_Gate-London_England.html,https://www.thestartinggate.co.uk/menus/mainmenu?allergens=&excludeAllergenDishes=false,Tripadvisor Bars & Pubs London,https://www.tripadvisor.co.uk/Restaurants-g186338-zfg11776-oa60-London_England.html,2026-07-07T09:53:07.214Z,Menu link visible in listing
85,london-085-kings-stores-london-england-html,Kings Stores,,,,4.6,385,££,"Bars & Pubs, British££ \- £££",https://www.tripadvisor.co.uk/Restaurant_Review-g186338-d3720830-Reviews-Kings_Stores-London_England.html,,Tripadvisor Bars & Pubs London,https://www.tripadvisor.co.uk/Restaurants-g186338-zfg11776-oa60-London_England.html,2026-07-07T09:53:07.214Z,No menu link visible in listing
86,london-086-paxtons-head-london-england-html,Paxtons Head,Greene King,,,4.1,501,££,"Bars & Pubs, Bar££ \- £££",https://www.tripadvisor.co.uk/Restaurant_Review-g186338-d2507976-Reviews-Paxtons_Head-London_England.html,https://www.greeneking.co.uk/pubs/greater-london/paxtons-head/menu,Tripadvisor Bars & Pubs London,https://www.tripadvisor.co.uk/Restaurants-g186338-zfg11776-oa60-London_England.html,2026-07-07T09:53:07.214Z,Menu link visible in listing
87,london-087-the-anglesea-arms-london-england-html,The Anglesea Arms,,,,4.1,539,££,"Bars & Pubs, British££ \- £££",https://www.tripadvisor.co.uk/Restaurant_Review-g186338-d1006159-Reviews-The_Anglesea_Arms-London_England.html,http://www.angleseaarms.com/food-and-drink/la-carte,Tripadvisor Bars & Pubs London,https://www.tripadvisor.co.uk/Restaurants-g186338-zfg11776-oa60-London_England.html,2026-07-07T09:53:07.214Z,Menu link visible in listing
88,london-088-the-george-london-england-html,The George,Greene King,,,4.3,360,££,"Bars & Pubs, Bar££ \- £££",https://www.tripadvisor.co.uk/Restaurant_Review-g186338-d3228450-Reviews-The_George-London_England.html,https://www.greeneking.co.uk/pubs/greater-london/george/menu,Tripadvisor Bars & Pubs London,https://www.tripadvisor.co.uk/Restaurants-g186338-zfg11776-oa60-London_England.html,2026-07-07T09:53:07.214Z,Menu link visible in listing
89,london-089-leather-bottle-london-england-html,Leather Bottle,Greene King,,,4.5,448,££,"Bars & Pubs, Bar££ \- £££",https://www.tripadvisor.co.uk/Restaurant_Review-g186338-d2525654-Reviews-Leather_Bottle-London_England.html,https://www.greeneking.co.uk/pubs/greater-london/leather-bottle/menu,Tripadvisor Bars & Pubs London,https://www.tripadvisor.co.uk/Restaurants-g186338-zfg11776-oa60-London_England.html,2026-07-07T09:53:07.214Z,Menu link visible in listing
90,london-090-tattersalls-tavern-london-england-html,Tattersalls Tavern,Greene King,,,4.1,612,££,"Bars & Pubs, Bar££ \- £££",https://www.tripadvisor.co.uk/Restaurant_Review-g186338-d2507980-Reviews-Tattersalls_Tavern-London_England.html,https://www.greeneking.co.uk/pubs/greater-london/tattersalls-tavern/menu,Tripadvisor Bars & Pubs London,https://www.tripadvisor.co.uk/Restaurants-g186338-zfg11776-oa60-London_England.html,2026-07-07T09:53:07.214Z,Menu link visible in listing
91,london-091-the-coach-makers-arms-pub-marylebone-london-england-html,The Coach Makers Arms Pub Marylebone,,Marylebone,,4.3,221,££,"Bars & Pubs, Bar££ \- £££",https://www.tripadvisor.co.uk/Restaurant_Review-g186338-d13276837-Reviews-The_Coach_Makers_Arms_Pub_Marylebone-London_England.html,https://cubitthousepubs.slerp.com/order,Tripadvisor Bars & Pubs London,https://www.tripadvisor.co.uk/Restaurants-g186338-zfg11776-oa60-London_England.html,2026-07-07T09:53:07.214Z,Menu link visible in listing
92,london-092-bar-block-steakhouse-london-aldgate-london-england-html,Bar + Block Steakhouse London Aldgate,,,,4.4,359,££,"Bars & Pubs, Steakhouse££ \- £££",https://www.tripadvisor.co.uk/Restaurant_Review-g186338-d15290469-Reviews-Bar_Block_Steakhouse_London_Aldgate-London_England.html,,Tripadvisor Bars & Pubs London,https://www.tripadvisor.co.uk/Restaurants-g186338-zfg11776-oa60-London_England.html,2026-07-07T09:53:07.214Z,No menu link visible in listing
93,london-093-grand-junction-arms-london-london-england-html,Grand Junction Arms,,,,4.6,275,££,"Bars & Pubs, Bar££ \- £££",https://www.tripadvisor.co.uk/Restaurant_Review-g186338-d5220178-Reviews-Grand_Junction_Arms_London-London_England.html,,Tripadvisor Bars & Pubs London,https://www.tripadvisor.co.uk/Restaurants-g186338-zfg11776-oa90-London_England.html,2026-07-07T09:53:07.214Z,No menu link visible in listing
94,london-094-the-candlemaker-london-england-html,The Candlemaker,,,,4.6,260,££,"Bars & Pubs, Steakhouse££ \- £££",https://www.tripadvisor.co.uk/Restaurant_Review-g186338-d11903874-Reviews-The_Candlemaker-London_England.html,https://www.candlemakerpub.co.uk/food-drink,Tripadvisor Bars & Pubs London,https://www.tripadvisor.co.uk/Restaurants-g186338-zfg11776-oa90-London_England.html,2026-07-07T09:53:07.214Z,Menu link visible in listing
95,london-095-bull-highgate-london-england-html,Bull Highgate,,Highgate,,4.5,118,££,"Bars & Pubs, Gastropub££ \- £££",https://www.tripadvisor.co.uk/Restaurant_Review-g186338-d3434879-Reviews-Bull_Highgate-London_England.html,https://www.thebullhighgate.com/menus,Tripadvisor Bars & Pubs London,https://www.tripadvisor.co.uk/Restaurants-g186338-zfg11776-oa90-London_England.html,2026-07-07T09:53:07.214Z,Menu link visible in listing
96,london-096-prince-of-wales-london-england-html,Prince of Wales,Greene King,Kensington,,4.1,374,££,"Bars & Pubs, Bar££ \- £££",https://www.tripadvisor.co.uk/Restaurant_Review-g186338-d2563124-Reviews-Prince_of_Wales-London_England.html,https://www.greeneking.co.uk/pubs/greater-london/prince-of-wales-kensington/menu,Tripadvisor Bars & Pubs London,https://www.tripadvisor.co.uk/Restaurants-g186338-zfg11776-oa90-London_England.html,2026-07-07T09:53:07.214Z,Menu link visible in listing
97,london-097-the-fox-pheasant-london-england-html,The Fox & Pheasant,,,,4.4,219,££,"Bars & Pubs, British££ \- £££",https://www.tripadvisor.co.uk/Restaurant_Review-g186338-d14139591-Reviews-The_Fox_Pheasant-London_England.html,http://www.thefoxandpheasant.com/food-menu,Tripadvisor Bars & Pubs London,https://www.tripadvisor.co.uk/Restaurants-g186338-zfg11776-oa90-London_England.html,2026-07-07T09:53:07.214Z,Menu link visible in listing
98,london-098-phoenix-london-england-html,Phoenix,Greene King,,,4.1,298,££,"Bars & Pubs, Bar££ \- £££",https://www.tripadvisor.co.uk/Restaurant_Review-g186338-d1650907-Reviews-Phoenix-London_England.html,https://www.greeneking.co.uk/pubs/greater-london/phoenix/menu,Tripadvisor Bars & Pubs London,https://www.tripadvisor.co.uk/Restaurants-g186338-zfg11776-oa90-London_England.html,2026-07-07T09:53:07.214Z,Menu link visible in listing
99,london-099-the-holly-bush-hampstead-london-england-html,"The Holly Bush, Hampstead",,,,3.8,680,££,"Bars & Pubs, Bar££ \- £££",https://www.tripadvisor.co.uk/Restaurant_Review-g186338-d798777-Reviews-The_Holly_Bush_Hampstead-London_England.html,,Tripadvisor Bars & Pubs London,https://www.tripadvisor.co.uk/Restaurants-g186338-zfg11776-oa90-London_England.html,2026-07-07T09:53:07.214Z,No menu link visible in listing
100,london-100-the-city-barge-london-england-html,The City Barge,,,,4.3,728,££,"Bars & Pubs, Seafood££ \- £££",https://www.tripadvisor.co.uk/Restaurant_Review-g186338-d718520-Reviews-The_City_Barge-London_England.html,http://www.citybargechiswick.com/menus,Tripadvisor Bars & Pubs London,https://www.tripadvisor.co.uk/Restaurants-g186338-zfg11776-oa90-London_England.html,2026-07-07T09:53:07.214Z,Menu link visible in listing
1,area-001-soho-london-bar,London  Bar,,Soho,,,,,"Explore the delicious food and drinks menus at Bar Soho. With classic cocktails and tasty bites, we've got something for everyone.",https://www.barsoho.co.uk/london-bar/food-and-drink,https://www.barsoho.co.uk/london-bar/food-and-drink,Firecrawl area search: Soho,query:Soho London pub drinks menu prices official menu,2026-07-07T11:25:23.883Z,Search result itself looked like an official menu/drinks page
2,area-002-soho-coach-horses-soho,Coach & Horses Soho,Greene King,Soho,,,,,Join us for our delicious selection of food and drinks at The Coach & Horses in Soho. Enjoy one of our selection of pub favourites or try something new!,https://www.greeneking.co.uk/pubs/greater-london/coach-and-horses-soho/menu,https://www.greeneking.co.uk/pubs/greater-london/coach-and-horses-soho/menu,Firecrawl area search: Soho,query:Soho London pub drinks menu prices official menu,2026-07-07T11:25:23.883Z,Search result itself looked like an official menu/drinks page
3,area-003-soho-the-ship-pub-restaurant,The Ship Pub & Restaurant,,Soho,,,,,"Book your table online for The Ship. Our food is freshly prepared by our skilled chefs and we offer a great range of beers, ciders, wines, and spirits.",https://www.shipsoho.co.uk/drink,https://www.shipsoho.co.uk/drink,Firecrawl area search: Soho,query:Soho London pub drinks menu prices official menu,2026-07-07T11:25:23.883Z,Search result itself looked like an official menu/drinks page
4,area-004-soho-bar-soho,Bar Soho,,Soho,,,,,"Take a look at the menu of Bar Soho in London. Check out dishes, we help you look for specific menu items, see prices and reserve a table online with ...",https://www.quandoo.co.uk/place/bar-soho-9153/menu,https://www.quandoo.co.uk/place/bar-soho-9153/menu,Firecrawl area search: Soho,query:Soho London pub drinks menu prices official menu,2026-07-07T11:25:23.883Z,Search result itself looked like an official menu/drinks page
5,area-005-shoreditch-the-cornershop-bar,The Cornershop Bar,,Shoreditch,,,,,"Buy a pint in Shoreditch, London. Craft Beers, Cocktails, Wines. A wide range of options. Our Craft Beers are affordable and very nice.",https://www.thecornershopbar.co.uk/drinks-menu/,https://www.thecornershopbar.co.uk/drinks-menu/,Firecrawl area search: Shoreditch,query:Shoreditch London pub drinks menu prices official menu,2026-07-07T11:25:23.883Z,Search result itself looked like an official menu/drinks page
6,area-006-shoreditch-lightbarlondon,Lightbarlondon,,Shoreditch,,,,,Discover our food & drink menus at The Light & Dining in Shoreditch London. Featuring a Sunday menu and cocktail menu. Book now.,https://www.lightbarlondon.com/menu/,https://www.lightbarlondon.com/menu/,Firecrawl area search: Shoreditch,query:Shoreditch London pub drinks menu prices official menu,2026-07-07T11:25:23.883Z,Search result itself looked like an official menu/drinks page
7,area-007-shoreditch-the-shoreditch-arms,The Shoreditch Arms,,Shoreditch,,,,,"Pair your meal with our wide selection of craft beers, cocktails, fine wines, and premium spirits. Main menuMain menu · Wine menu ...",https://www.urbanpubsandbars.com/venues/the-shoreditch-arms,https://www.urbanpubsandbars.com/venues/the-shoreditch-arms,Firecrawl area search: Shoreditch,query:Shoreditch London pub drinks menu prices official menu,2026-07-07T11:25:23.883Z,Search result itself looked like an official menu/drinks page
8,area-008-shoreditch-owlandpussycat,Owlandpussycat,,Shoreditch,,,,,"Offering a food menu packed full of hearty pub favourites, a bangin' selection of beers, and a not-so-secret, heated (and covered to protect from the drizzle) ...",https://www.owlandpussycatshoreditch.com/,https://www.owlandpussycatshoreditch.com/,Firecrawl area search: Shoreditch,query:Shoreditch London pub drinks menu prices official menu,2026-07-07T11:25:23.883Z,Search result itself looked like an official menu/drinks page
9,area-009-camden-the-darkhorse,The Darkhorse,,Camden,,,,,"Craving proper pub food? The Dark Horse in Camden serves up comfort classics—fish & chips, pies, roasts, salads & more—paired with ales & drinks.",https://www.thedarkhorsecamden.com/menu,https://www.thedarkhorsecamden.com/menu,Firecrawl area search: Camden,query:Camden London pub drinks menu prices official menu,2026-07-07T11:25:23.883Z,Search result itself looked like an official menu/drinks page
10,area-010-camden-earl-of-camden,Earl of Camden,,Camden,,,,,The following menus are available on a pre-booked basis only. The below are sample menus and are subject to change. Check out the menus,https://www.socialpubandkitchen.co.uk/earl-of-camden/food-and-drink,https://www.socialpubandkitchen.co.uk/earl-of-camden/food-and-drink,Firecrawl area search: Camden,query:Camden London pub drinks menu prices official menu,2026-07-07T11:25:23.883Z,Search result itself looked like an official menu/drinks page
11,area-011-camden-the-world-s-end,The World's End,,Camden,,,,,"The World's End pub. FOOD MENU BUFFET. Monday to Thursday 12.00 – 23.00 Friday & Saturday 12.00 – 01.00 Sunday 12.00 – 23.00 174 Camden High St, London NW1. ...",https://theworldsend.co.uk/menu/,https://theworldsend.co.uk/menu/,Firecrawl area search: Camden,query:Camden London pub drinks menu prices official menu,2026-07-07T11:25:23.883Z,Search result itself looked like an official menu/drinks page
12,area-012-islington-the-castle,The Castle,,Islington,,,,,"Great food, laid-back rooftop vibes, and your favourite people – exactly where you want to be this summer. LOW & NON-ALCOHOLIC · Main Menu · Drinks packages.",https://www.thecastleislington.co.uk/food-drink/,https://www.thecastleislington.co.uk/food-drink/,Firecrawl area search: Islington,query:Islington London pub drinks menu prices official menu,2026-07-07T11:25:23.883Z,Search result itself looked like an official menu/drinks page
13,area-013-islington-vineyard-islington,Vineyard Islington,,Islington,,,,,"Enjoy stacked burgers, stone-baked pizzas & craft beers at Vineyard Islington London. Dive into delicious pub classics - check out our menu & book today!",https://www.socialpubandkitchen.co.uk/vineyard-islington/food-and-drink,https://www.socialpubandkitchen.co.uk/vineyard-islington/food-and-drink,Firecrawl area search: Islington,query:Islington London pub drinks menu prices official menu,2026-07-07T11:25:23.883Z,Search result itself looked like an official menu/drinks page
14,area-014-islington-the-crown,The Crown,,Islington,,,,,"Visit The Crown, home of outstanding beer & cider, great wines, mouth-watering fresh food and exceptional service.",https://www.crownislington.co.uk/,https://www.crownislington.co.uk/,Firecrawl area search: Islington,query:Islington London pub drinks menu prices official menu,2026-07-07T11:25:23.883Z,Search result itself looked like an official menu/drinks page
15,area-015-islington-the-bull,The Bull,,Islington,,,,,Good Pub Food & Seasonal Specials Served in London – All Menus · Main Menu · Sunday Roast · Our Evening Set Menu · Burger Menu · Buffet Menu · Drinks Menu.,https://www.thebullislington.co.uk/menus/food,https://www.thebullislington.co.uk/menus/food,Firecrawl area search: Islington,query:Islington London pub drinks menu prices official menu,2026-07-07T11:25:23.883Z,Search result itself looked like an official menu/drinks page
16,area-016-brixton-the-ferndale-brixton,The Ferndale • Brixton,,Brixton,,,,,"Indulge your guests with a menu featuring mouthwatering pizzas, sharing plates, and an impressive selection of drinks, all served in a lively and contemporary ...",https://www.urbanpubsandbars.com/venues/the-ferndale,https://www.urbanpubsandbars.com/venues/the-ferndale,Firecrawl area search: Brixton,query:Brixton London pub drinks menu prices official menu,2026-07-07T11:25:23.883Z,Search result itself looked like an official menu/drinks page
17,area-017-brixton-hopeandanchor,Hopeandanchor,,Brixton,,,,,"Drink, dine, and dance in Brixton, the heart of South London. Proper good pub grub, juicy burgers, cracking cocktails, elegant wines and hoppy craft beer a ...",https://www.hopeandanchorbrixton.co.uk/food-and-drinks/,https://www.hopeandanchorbrixton.co.uk/food-and-drinks/,Firecrawl area search: Brixton,query:Brixton London pub drinks menu prices official menu,2026-07-07T11:25:23.883Z,Search result itself looked like an official menu/drinks page
18,area-018-brixton-brixton-s-best-bars-restaurants,Brixton's Best Bars & Restaurants,,Brixton,,,,,"From authentic global cuisine to experimental cocktail bars, explore a world of flavour in Brixton Village - home of London's most vibrant food and drink.",https://brixtonvillage.com/eat-drink/,https://brixtonvillage.com/eat-drink/,Firecrawl area search: Brixton,query:Brixton London pub drinks menu prices official menu,2026-07-07T11:25:23.883Z,Search result itself looked like an official menu/drinks page
19,area-019-clapham-windmill,Windmill,,Clapham,,,,,"Serving the best british pub menu in Clapham the draft beers, local spirits and wine list make this the best pub in South London, great for family stays.",https://www.windmillclapham.co.uk/food-drink/,https://www.windmillclapham.co.uk/food-drink/,Firecrawl area search: Clapham,query:Clapham London pub drinks menu prices official menu,2026-07-07T11:25:23.883Z,Search result itself looked like an official menu/drinks page
20,area-020-clapham-good-food-craft-beers-and-cocktails-in-clapham,"Good food, craft beers and cocktails in Clapham",,Clapham,,,,,"Our menu is full of classic pub dishes that'll have you drooling, plus some modern twists on old favourites that are perfect for sharing with your pals.",https://www.claphamnorthpub.co.uk/food-and-drink/,https://www.claphamnorthpub.co.uk/food-and-drink/,Firecrawl area search: Clapham,query:Clapham London pub drinks menu prices official menu,2026-07-07T11:25:23.883Z,Search result itself looked like an official menu/drinks page
21,area-021-clapham-the-junction-pub-restaurant-in-clapham,The Junction Pub Restaurant in Clapham ...,Greene King,Clapham,,,,,"Combining good food & drink with friendly service and inviting atmosphere at The Junction. A pub at the heart of Clapham Junction, we cant wait to welcome ...",https://www.greeneking.co.uk/pubs/greater-london/junction,https://www.greeneking.co.uk/pubs/greater-london/junction,Firecrawl area search: Clapham,query:Clapham London pub drinks menu prices official menu,2026-07-07T11:25:23.883Z,Search result itself looked like an official menu/drinks page
22,area-022-clapham-craft-beer-pub-in-clapham,Craft beer pub in Clapham,,Clapham,,,,,"Located away from the main drag of Clapham Common, we are focused on providing friendly and attentive service, diverse drinks selection and quality food.",https://thekingandco.uk/,https://thekingandco.uk/,Firecrawl area search: Clapham,query:Clapham London pub drinks menu prices official menu,2026-07-07T11:25:23.883Z,Search result itself looked like an official menu/drinks page
23,area-023-greenwich-enjoy-british-pub-classics-and-sunday-roasts-greenwich,"Enjoy British Pub classics and Sunday Roasts, Greenwich",,Greenwich,,,,,"Summer Cocktail Menu ; Hugo Spritz£11.00. Plymouth Gin, Elderflower, Prosseco, Soda ; Berry Hugo 0%£8.50. Three Spirit Livener 0.0%, Watermelon, Soda ; Amalfi ...",https://www.cuttysarkse10.co.uk/food-drink/,https://www.cuttysarkse10.co.uk/food-drink/,Firecrawl area search: Greenwich,query:Greenwich London pub drinks menu prices official menu,2026-07-07T11:25:23.883Z,Search result itself looked like an official menu/drinks page
24,area-024-greenwich-kings-arms-greenwich,Kings Arms Greenwich,Greene King,Greenwich,,,,,Cocktails (9) · Margarita · Spicy Margarita · Mojito · Espresso Martini · Passionfruit Martini · Bloody Mary · Old Fashioned · Negroni.,https://www.greeneking.co.uk/pubs/greater-london/kings-arms-greenwich/menu,https://www.greeneking.co.uk/pubs/greater-london/kings-arms-greenwich/menu,Firecrawl area search: Greenwich,query:Greenwich London pub drinks menu prices official menu,2026-07-07T11:25:23.883Z,Search result itself looked like an official menu/drinks page
25,area-025-greenwich-traditional-and-seasonal-food,Traditional and seasonal food,,Greenwich,,,,,Our Menus. Pub Menu. View PDF. Sunday Menu. View PDF. Dessert Menu. View PDF. Children's Menu. View PDF. Nile Group Dining Menu. View PDF. Drinks List. View PDF.,https://www.trafalgartavern.co.uk/menus/,https://www.trafalgartavern.co.uk/menus/,Firecrawl area search: Greenwich,query:Greenwich London pub drinks menu prices official menu,2026-07-07T11:25:23.883Z,Search result itself looked like an official menu/drinks page
26,area-026-greenwich-pubs-and-bars,Pubs and Bars,,Greenwich,,,,,Home to six mouth-watering street food kitchens serving global dishes. Sip on craft beer and hand-shaken cocktails from the bar in canteen's fairy-light-filled ...,https://www.visitgreenwich.org.uk/food-and-drink/pubs-and-bars,https://www.visitgreenwich.org.uk/food-and-drink/pubs-and-bars,Firecrawl area search: Greenwich,query:Greenwich London pub drinks menu prices official menu,2026-07-07T11:25:23.883Z,Search result itself looked like an official menu/drinks page
27,area-027-hackney-pub-on-the-park-london-fields-beer-garden,"Pub on the Park, London Fields Beer Garden",,Hackney,,,,,Fantastic pub with three decks overlooking London Fields. The best spot in Hackney to watch sports with a great selection of food and drinks.,https://pubonthepark.com/,https://pubonthepark.com/,Firecrawl area search: Hackney,query:Hackney London pub drinks menu prices official menu,2026-07-07T11:25:23.883Z,Search result itself looked like an official menu/drinks page
28,area-028-hackney-the-old-ship-hackney,The Old Ship • Hackney,,Hackney,,,,,"Our menu blends timeless classics with modern twists, featuring favourites like the French Martini, Smoked Old Fashioned, and seasonal house creations",https://www.urbanpubsandbars.com/venues/the-old-ship,https://www.urbanpubsandbars.com/venues/the-old-ship,Firecrawl area search: Hackney,query:Hackney London pub drinks menu prices official menu,2026-07-07T11:25:23.883Z,Search result itself looked like an official menu/drinks page
29,area-029-hackney-lord-napier-star-home,Lord Napier Star: Home,,Hackney,,,,,"£6 Margarita Monday £6 Margarita. Beer Wednesdays – £6 Per Pint: Bianca Road Brew … we offer a legendary selection of beers, wines, spirits and cocktails.",https://lordnapierstar.co.uk/,https://lordnapierstar.co.uk/,Firecrawl area search: Hackney,query:Hackney London pub drinks menu prices official menu,2026-07-07T11:25:23.883Z,Search result itself looked like an official menu/drinks page
30,area-030-hackney-hackney-wick-restaurant-lunch-menu-no-90-bar,Hackney Wick Restaurant & Lunch Menu – No. 90 Bar,,Hackney,,,,,"WINTER COCKTAILS ; Banana Blizzard · Bounty Spiced Rum, Bounty White Rum, banana, salted caramel & lime ; Cinnamon Espresso · Moonshine Vodka, Kahlua, Baileys, ...",https://number90bar.co.uk/our-menu/,https://number90bar.co.uk/our-menu/,Firecrawl area search: Hackney,query:Hackney London pub drinks menu prices official menu,2026-07-07T11:25:23.883Z,Search result itself looked like an official menu/drinks page
31,area-031-kensington-zetland-arms,Zetland  Arms,Greene King,Kensington,,,,,Cocktails (9) · Margarita · Spicy Margarita · Mojito · Espresso Martini · Passionfruit Martini · Bloody Mary · Old Fashioned · Negroni.,https://www.greeneking.co.uk/pubs/greater-london/zetland-arms/menu,https://www.greeneking.co.uk/pubs/greater-london/zetland-arms/menu,Firecrawl area search: Kensington,query:Kensington London pub drinks menu prices official menu,2026-07-07T11:25:23.883Z,Search result itself looked like an official menu/drinks page
32,area-032-kensington-foodanddrink,Foodanddrink,,Kensington,,,,,"Our menu celebrates the dishes that make British pubs so loved around the world, from our famous fish and chips, served golden and crisp, to indulgent burgers ...",https://www.britanniakensington.co.uk/foodanddrink/,https://www.britanniakensington.co.uk/foodanddrink/,Firecrawl area search: Kensington,query:Kensington London pub drinks menu prices official menu,2026-07-07T11:25:23.883Z,Search result itself looked like an official menu/drinks page
33,area-033-kensington-explore-our-main-menu-in-london,Explore Our Main Menu in London,Nicholson's,Kensington,,,,,"Catch up while enjoying the best of Irish pub food in London, with starters, mains, and desserts worth booking a table at The Wellington.",https://www.nicholsonspubs.co.uk/restaurants/london/thewellingtonstrandlondon/foodmenu,https://www.nicholsonspubs.co.uk/restaurants/london/thewellingtonstrandlondon/foodmenu,Firecrawl area search: Kensington,query:Kensington London pub drinks menu prices official menu,2026-07-07T11:25:23.883Z,Search result itself looked like an official menu/drinks page
34,area-034-marylebone-the-london,The London,,Marylebone,,,,,Drinks Menu. Happy Hour 12pm – 5pm EVERYDAY! Drinks Menu. Booking Enquiry. Contact Info. 020 7935 4373. Opening Hours. Mon - Thurs12pm - 11:30pm ...,https://themarylebonelondon.com/menus/,https://themarylebonelondon.com/menus/,Firecrawl area search: Marylebone,query:Marylebone London pub drinks menu prices official menu,2026-07-07T11:25:23.883Z,Search result itself looked like an official menu/drinks page
35,area-035-marylebone-home-marylebone-eating-drinking-and-wellbeing,"Home Marylebone – Eating, Drinking and Wellbeing",,Marylebone,,,,,"From classic cocktails to carefully curated wines and local craft beers, we offer the perfect drink for every occasion in the heart of Marylebone. DRINKS MENU.",https://homemarylebone.com/,https://homemarylebone.com/,Firecrawl area search: Marylebone,query:Marylebone London pub drinks menu prices official menu,2026-07-07T11:25:23.883Z,Search result itself looked like an official menu/drinks page
36,area-036-marylebone,...,,Marylebone,,,,,"The Portman serves up delicious traditional pub food, from Sunday roasts to seasonal British dishes, paired with an extensive drink menu featuring craft ...",https://www.theportmanw1.com/menus,https://www.theportmanw1.com/menus,Firecrawl area search: Marylebone,query:Marylebone London pub drinks menu prices official menu,2026-07-07T11:25:23.883Z,Search result itself looked like an official menu/drinks page
37,area-037-bermondsey-barandkitchen,Barandkitchen,,Bermondsey,,,,,"Discover a variety of delightful menus, including brunch, pizza, and drinks. Visit Bermondsey Bar & Kitchen for great food and exceptional service.",https://www.bermondseybarandkitchen.co.uk/menus,https://www.bermondseybarandkitchen.co.uk/menus,Firecrawl area search: Bermondsey,query:Bermondsey London pub drinks menu prices official menu,2026-07-07T11:25:23.883Z,Search result itself looked like an official menu/drinks page
38,area-038-bermondsey-the-garrison,The Garrison,,Bermondsey,,,,,Best Sunday lunch in Bermondsey. Enjoy bespoke house cocktails and seasonal British menu with traditional pub classics.,https://www.thegarrison.co.uk/menus/,https://www.thegarrison.co.uk/menus/,Firecrawl area search: Bermondsey,query:Bermondsey London pub drinks menu prices official menu,2026-07-07T11:25:23.883Z,Search result itself looked like an official menu/drinks page
39,area-039-bermondsey-the-woolpack,The Woolpack,,Bermondsey,,,,,We are the champions of quirky pub grub made with the very best of British seasonal ingredients. Discover our fun and vibrant menus. Menus.,https://www.woolpackbar.com/,https://www.woolpackbar.com/,Firecrawl area search: Bermondsey,query:Bermondsey London pub drinks menu prices official menu,2026-07-07T11:25:23.883Z,Search result itself looked like an official menu/drinks page
40,area-040-peckham-food-and-drinks,Food and Drinks,,Peckham,,,,,Food and Drinks. food · MENU PDF · DRINKS · MENU PDF. Monday 4pm – 12:30am. Tuesday – Thursday 12pm – 12:30am. Friday – Saturday 12pm – 2:30am.,https://princeofpeckham.co.uk/food-and-drinks/,https://princeofpeckham.co.uk/food-and-drinks/,Firecrawl area search: Peckham,query:Peckham London pub drinks menu prices official menu,2026-07-07T11:25:23.883Z,Search result itself looked like an official menu/drinks page
41,area-041-peckham-peckham-arches,Peckham Arches,,Peckham,,,,,An extensive drinks menu is on offer alongside fresh tank beer from Bird House Brewery and delicious tacos by Angeles London. Join us for £2 taco Wednesdays ...,https://peckhamarches.com/,https://peckhamarches.com/,Firecrawl area search: Peckham,query:Peckham London pub drinks menu prices official menu,2026-07-07T11:25:23.883Z,Search result itself looked like an official menu/drinks page
42,area-042-peckham-the-angel-oak-peckham,The Angel Oak Peckham,,Peckham,,,,,"With a menu filled with seasonal specials, pub classics and Sunday roasts to knock your socks off, we're a foodie's dream! View Menu. Reviews.",https://www.angeloakpeckham.com/,https://www.angeloakpeckham.com/,Firecrawl area search: Peckham,query:Peckham London pub drinks menu prices official menu,2026-07-07T11:25:23.883Z,Search result itself looked like an official menu/drinks page
43,area-043-dalston-crown-castle-dalston,Crown & Castle • Dalston,,Dalston,,,,,"Great drinks, iconic food, all under one roof. 600 Kingsland Road,. London E8 4AH. 020 3011 5057 · Enquiries.",https://www.urbanpubsandbars.com/venues/crown-castle,https://www.urbanpubsandbars.com/venues/crown-castle,Firecrawl area search: Dalston,query:Dalston London pub drinks menu prices official menu,2026-07-07T11:25:23.883Z,Search result itself looked like an official menu/drinks page
44,area-044-dalston-the-three-compasses-dalston,"The Three Compasses, Dalston",,Dalston,,,,,"We've an extensive spirits selection, especially single malts and gin, solid wine list, and freshly shaken classic cocktails. I know! Drinks Menu · Pub ...",https://www.3compasses.com/,https://www.3compasses.com/,Firecrawl area search: Dalston,query:Dalston London pub drinks menu prices official menu,2026-07-07T11:25:23.883Z,Search result itself looked like an official menu/drinks page
45,area-045-hammersmith-oldship,Oldship,,Hammersmith,,,,,"One of the most iconic riverside pubs in Hammersmith, sitting right on the Thames, we're the place people come for incredible river views, relaxed drinks in ...",https://www.oldshiphammersmith.co.uk/,https://www.oldshiphammersmith.co.uk/,Firecrawl area search: Hammersmith,query:Hammersmith London pub drinks menu prices official menu,2026-07-07T11:25:23.883Z,Search result itself looked like an official menu/drinks page
46,area-046-hammersmith-the-dove,The Dove,,Hammersmith,,,,,"Visit The Dove Pub and Restaurant in Hammersmith by the river, home of outstanding beer & cider, great wines, mouth-watering fresh food and exceptional ...",https://www.dovehammersmith.co.uk/,https://www.dovehammersmith.co.uk/,Firecrawl area search: Hammersmith,query:Hammersmith London pub drinks menu prices official menu,2026-07-07T11:25:23.883Z,Search result itself looked like an official menu/drinks page
47,area-047-hammersmith-latymers,Latymers,,Hammersmith,,,,,"Where to drink in Hammersmith: Visit Latymers Pub on Hammersmith Road for a great range of craft beer, ales, ciders, wines, cocktails and spirits.",https://www.latymershammersmith.co.uk/drink,https://www.latymershammersmith.co.uk/drink,Firecrawl area search: Hammersmith,query:Hammersmith London pub drinks menu prices official menu,2026-07-07T11:25:23.883Z,Search result itself looked like an official menu/drinks page
48,area-048-hammersmith-rutland-arms,Rutland  Arms,Greene King,Hammersmith,,,,,Cocktails (9) · Margarita · Spicy Margarita · Mojito · Espresso Martini · Passionfruit Martini · Bloody Mary · Old Fashioned · Negroni.,https://www.greeneking.co.uk/pubs/greater-london/rutland-arms/menu,https://www.greeneking.co.uk/pubs/greater-london/rutland-arms/menu,Firecrawl area search: Hammersmith,query:Hammersmith London pub drinks menu prices official menu,2026-07-07T11:25:23.883Z,Search result itself looked like an official menu/drinks page
49,area-049-paddington-food-drink-in-paddington,Food & Drink in Paddington,,Paddington,,,,,"Fever-Tree Sicilian Lemonade £3.95 Trip Cherry Lemon Magnesium, Lion's mane, Chamomile £4.15 Trip CBD. Balm £4.15 Social Garden Fizz Three Spirit Social, ...",https://www.theprideofpaddington.co.uk/food-drink/,https://www.theprideofpaddington.co.uk/food-drink/,Firecrawl area search: Paddington,query:Paddington London pub drinks menu prices official menu,2026-07-07T11:25:23.883Z,Search result itself looked like an official menu/drinks page
50,area-050-paddington-the-bear-pub-paddington,The Bear Pub Paddington,,Paddington,,,,,"beers, wines, and spirits. 200+ Bottled Beers 29 Beers on Keg 6 Cask Ales Cocktails Small range of classic cocktails. Beers, Wines and Sprits",https://www.thebearpaddington.com/,https://www.thebearpaddington.com/,Firecrawl area search: Paddington,query:Paddington London pub drinks menu prices official menu,2026-07-07T11:25:23.883Z,Search result itself looked like an official menu/drinks page
51,area-051-paddington-sawyers-arms,Sawyers  Arms,Greene King,Paddington,,,,,"£42.50 Red Wine (7) La Ronde Organic Chilean Merlot ・ £50.50 Cinsault Grenache, £67.50 Rosé Wine (4) £52.50 Sparking & Champagne ・ £300.00 Cocktails (9) ...",https://www.greeneking.co.uk/pubs/greater-london/sawyers-arms/menu,https://www.greeneking.co.uk/pubs/greater-london/sawyers-arms/menu,Firecrawl area search: Paddington,query:Paddington London pub drinks menu prices official menu,2026-07-07T11:25:23.883Z,Search result itself looked like an official menu/drinks page
52,area-052-paddington-paddington-london,Paddington London,,Paddington,,,,,Our Drinks View Our DrinksView Menus. OOD SERVED Mon - Fri: 12:00 - 22:00 Sat: 12:00 - 21:00 ・ 020 7706 7040 ・ 23:00 Sat - Sun: Closed,http://princeofwalespaddington.co.uk/,http://princeofwalespaddington.co.uk/,Firecrawl area search: Paddington,query:Paddington London pub drinks menu prices official menu,2026-07-07T11:25:23.883Z,Search result itself looked like an official menu/drinks page
53,area-053-canary-wharf-rocket-canary-wharf,Rocket Canary Wharf,,Canary Wharf,,,,,"Discover a selection of moreish dishes at Rocket Canary Wharf. Main meals, special occasion menus and refreshing drinks. Book your table now.",https://www.thechaptercollection.co.uk/rocket-canary-wharf/food-and-drink,https://www.thechaptercollection.co.uk/rocket-canary-wharf/food-and-drink,Firecrawl area search: Canary Wharf,query:Canary Wharf London pub drinks menu prices official menu,2026-07-07T11:25:23.883Z,Search result itself looked like an official menu/drinks page
54,area-054-canary-wharf-cocktail-bar-in-canary-wharf,Cocktail Bar in Canary Wharf,,Canary Wharf,,,,,"A creative cocktail bar in Canary Wharf, London, offering an all-day menu, unique cocktails, and stunning waterside views. Join us for an unforgettable ...",https://thealchemistbars.com/venues/london/canary-wharf/,https://thealchemistbars.com/venues/london/canary-wharf/,Firecrawl area search: Canary Wharf,query:Canary Wharf London pub drinks menu prices official menu,2026-07-07T11:25:23.883Z,Search result itself looked like an official menu/drinks page
55,area-055-canary-wharf-directory,Directory,,Canary Wharf,,,,,FOODIE DIRECTORY Where to eat in Canary Wharf? You'll find something to suit every palate and every occasion in our extensive directory ...,https://canarywharf.com/eating-drinking/directory/,https://canarywharf.com/eating-drinking/directory/,Firecrawl area search: Canary Wharf,query:Canary Wharf London pub drinks menu prices official menu,2026-07-07T11:25:23.883Z,Search result itself looked like an official menu/drinks page
